<?xml version="1.0" encoding="UTF-8"?>
<metadata xml:lang="sl"><Esri><CreaDate>20150904</CreaDate><CreaTime>09331700</CreaTime><ArcGISFormat>1.0</ArcGISFormat><SyncOnce>FALSE</SyncOnce><DataProperties><lineage><Process ToolSource="c:\program files (x86)\arcgis\desktop10.1\ArcToolbox\Toolboxes\Data Management Tools.tbx\CalculateField" Date="20150317" Time="151935">CalculateField Footprint BLOK "b_24" VB #</Process><Process ToolSource="c:\program files (x86)\arcgis\desktop10.1\ArcToolbox\Toolboxes\Data Management Tools.tbx\CopyFeatures" Date="20150317" Time="152355">CopyFeatures b_24\Footprint D:\Delo\Lidar_objava\Fishnet.gdb\Lidar_fishnet_b_24 # 0 0 0</Process><Process ToolSource="c:\program files (x86)\arcgis\desktop10.1\ArcToolbox\Toolboxes\Data Management Tools.tbx\Merge" Date="20150317" Time="152434">Merge Lidar_fishnet_b_24;Lidar_fishnet_b_16;Lidar_fishnet_b_11 D:\Delo\Lidar_objava\Fishnet.gdb\Lidar_fishnet_skupaj "Raster "Raster" true true false 0 Long 0 0 ,First,#,Lidar_fishnet_b_24,Raster,-1,-1,Lidar_fishnet_b_16,Raster,-1,-1,Lidar_fishnet_b_11,Raster,-1,-1;Name "Name" true true false 50 Text 0 0 ,First,#,Lidar_fishnet_b_24,Name,-1,-1,Lidar_fishnet_b_16,Name,-1,-1,Lidar_fishnet_b_11,Name,-1,-1;MinPS "MinPS" true true false 8 Double 0 0 ,First,#,Lidar_fishnet_b_24,MinPS,-1,-1,Lidar_fishnet_b_16,MinPS,-1,-1,Lidar_fishnet_b_11,MinPS,-1,-1;MaxPS "MaxPS" true true false 8 Double 0 0 ,First,#,Lidar_fishnet_b_24,MaxPS,-1,-1,Lidar_fishnet_b_16,MaxPS,-1,-1,Lidar_fishnet_b_11,MaxPS,-1,-1;LowPS "LowPS" true true false 8 Double 0 0 ,First,#,Lidar_fishnet_b_24,LowPS,-1,-1,Lidar_fishnet_b_16,LowPS,-1,-1,Lidar_fishnet_b_11,LowPS,-1,-1;HighPS "HighPS" true true false 8 Double 0 0 ,First,#,Lidar_fishnet_b_24,HighPS,-1,-1,Lidar_fishnet_b_16,HighPS,-1,-1,Lidar_fishnet_b_11,HighPS,-1,-1;Category "Category" true true false 4 Long 0 0 ,First,#,Lidar_fishnet_b_24,Category,-1,-1,Lidar_fishnet_b_16,Category,-1,-1,Lidar_fishnet_b_11,Category,-1,-1;Tag "Tag" true true false 20 Text 0 0 ,First,#,Lidar_fishnet_b_24,Tag,-1,-1,Lidar_fishnet_b_16,Tag,-1,-1,Lidar_fishnet_b_11,Tag,-1,-1;GroupName "GroupName" true true false 50 Text 0 0 ,First,#,Lidar_fishnet_b_24,GroupName,-1,-1,Lidar_fishnet_b_16,GroupName,-1,-1,Lidar_fishnet_b_11,GroupName,-1,-1;ProductName "ProductName" true true false 50 Text 0 0 ,First,#,Lidar_fishnet_b_24,ProductName,-1,-1,Lidar_fishnet_b_16,ProductName,-1,-1,Lidar_fishnet_b_11,ProductName,-1,-1;CenterX "CenterX" true true false 8 Double 0 0 ,First,#,Lidar_fishnet_b_24,CenterX,-1,-1,Lidar_fishnet_b_16,CenterX,-1,-1,Lidar_fishnet_b_11,CenterX,-1,-1;CenterY "CenterY" true true false 8 Double 0 0 ,First,#,Lidar_fishnet_b_24,CenterY,-1,-1,Lidar_fishnet_b_16,CenterY,-1,-1,Lidar_fishnet_b_11,CenterY,-1,-1;ZOrder "ZOrder" true true false 4 Long 0 0 ,First,#,Lidar_fishnet_b_24,ZOrder,-1,-1,Lidar_fishnet_b_16,ZOrder,-1,-1,Lidar_fishnet_b_11,ZOrder,-1,-1;TypeID "Raster Type ID" true true false 4 Long 0 0 ,First,#,Lidar_fishnet_b_24,TypeID,-1,-1,Lidar_fishnet_b_16,TypeID,-1,-1,Lidar_fishnet_b_11,TypeID,-1,-1;ItemTS "ItemTS" true true false 8 Double 0 0 ,First,#,Lidar_fishnet_b_24,ItemTS,-1,-1,Lidar_fishnet_b_16,ItemTS,-1,-1,Lidar_fishnet_b_11,ItemTS,-1,-1;UriHash "UriHash" true true false 50 Text 0 0 ,First,#,Lidar_fishnet_b_24,UriHash,-1,-1,Lidar_fishnet_b_16,UriHash,-1,-1,Lidar_fishnet_b_11,UriHash,-1,-1;Version "Version" true true false 20 Text 0 0 ,First,#,Lidar_fishnet_b_24,Version,-1,-1,Lidar_fishnet_b_16,Version,-1,-1,Lidar_fishnet_b_11,Version,-1,-1;PointCount "Point Count" true true false 8 Double 0 0 ,First,#,Lidar_fishnet_b_24,PointCount,-1,-1,Lidar_fishnet_b_16,PointCount,-1,-1,Lidar_fishnet_b_11,PointCount,-1,-1;PointSpacing "Point Spacing" true true false 8 Double 0 0 ,First,#,Lidar_fishnet_b_24,PointSpacing,-1,-1,Lidar_fishnet_b_16,PointSpacing,-1,-1,Lidar_fishnet_b_11,PointSpacing,-1,-1;ZMin "ZMin" true true false 8 Double 0 0 ,First,#,Lidar_fishnet_b_24,ZMin,-1,-1,Lidar_fishnet_b_16,ZMin,-1,-1,Lidar_fishnet_b_11,ZMin,-1,-1;ZMax "ZMax" true true false 8 Double 0 0 ,First,#,Lidar_fishnet_b_24,ZMax,-1,-1,Lidar_fishnet_b_16,ZMax,-1,-1,Lidar_fishnet_b_11,ZMax,-1,-1;BLOK "BLOK" true true false 50 Text 0 0 ,First,#,Lidar_fishnet_b_24,BLOK,-1,-1,Lidar_fishnet_b_16,BLOK,-1,-1,Lidar_fishnet_b_11,BLOK,-1,-1;Shape_Length "Shape_Length" false true true 8 Double 0 0 ,First,#,Lidar_fishnet_b_24,Shape_Length,-1,-1,Lidar_fishnet_b_16,Shape_Length,-1,-1,Lidar_fishnet_b_11,Shape_Length,-1,-1;Shape_Area "Shape_Area" false true true 8 Double 0 0 ,First,#,Lidar_fishnet_b_24,Shape_Area,-1,-1,Lidar_fishnet_b_16,Shape_Area,-1,-1,Lidar_fishnet_b_11,Shape_Area,-1,-1"</Process><Process ToolSource="c:\program files (x86)\arcgis\desktop10.1\ArcToolbox\Toolboxes\Data Management Tools.tbx\CalculateField" Date="20150318" Time="094140">CalculateField Lidar_fishnet_DMR1_skupaj TEMP !Name!.split("_",1)[1] PYTHON_9.3 #</Process><Process ToolSource="c:\program files (x86)\arcgis\desktop10.1\ArcToolbox\Toolboxes\Data Management Tools.tbx\CalculateField" Date="20150318" Time="094315">CalculateField Lidar_fishnet_DMR1_skupaj Name ""GK1_"&amp; [TEMP]" VB #</Process><Process ToolSource="c:\program files (x86)\arcgis\desktop10.1\ArcToolbox\Toolboxes\Data Management Tools.tbx\Append" Date="20150318" Time="104643">Append Lidar_fishnet_GKOT_b_14 Lidar_fishnet_DMR1_skupaj NO_TEST "Raster "Raster" true true false 0 Long 0 0 ,First,#,D:\Delo\Lidar_objava\Fishnet.gdb\Lidar_fishnet_GKOT_b_14,Raster,-1,-1;Name "Name" true true false 50 Text 0 0 ,First,#,D:\Delo\Lidar_objava\Fishnet.gdb\Lidar_fishnet_GKOT_b_14,Name,-1,-1;MinPS "MinPS" true true false 8 Double 0 0 ,First,#,D:\Delo\Lidar_objava\Fishnet.gdb\Lidar_fishnet_GKOT_b_14,MinPS,-1,-1;MaxPS "MaxPS" true true false 8 Double 0 0 ,First,#,D:\Delo\Lidar_objava\Fishnet.gdb\Lidar_fishnet_GKOT_b_14,MaxPS,-1,-1;LowPS "LowPS" true true false 8 Double 0 0 ,First,#,D:\Delo\Lidar_objava\Fishnet.gdb\Lidar_fishnet_GKOT_b_14,LowPS,-1,-1;HighPS "HighPS" true true false 8 Double 0 0 ,First,#,D:\Delo\Lidar_objava\Fishnet.gdb\Lidar_fishnet_GKOT_b_14,HighPS,-1,-1;Category "Category" true true false 4 Long 0 0 ,First,#,D:\Delo\Lidar_objava\Fishnet.gdb\Lidar_fishnet_GKOT_b_14,Category,-1,-1;Tag "Tag" true true false 20 Text 0 0 ,First,#,D:\Delo\Lidar_objava\Fishnet.gdb\Lidar_fishnet_GKOT_b_14,Tag,-1,-1;GroupName "GroupName" true true false 50 Text 0 0 ,First,#,D:\Delo\Lidar_objava\Fishnet.gdb\Lidar_fishnet_GKOT_b_14,GroupName,-1,-1;ProductName "ProductName" true true false 50 Text 0 0 ,First,#,D:\Delo\Lidar_objava\Fishnet.gdb\Lidar_fishnet_GKOT_b_14,ProductName,-1,-1;CenterX "CenterX" true true false 8 Double 0 0 ,First,#,D:\Delo\Lidar_objava\Fishnet.gdb\Lidar_fishnet_GKOT_b_14,CenterX,-1,-1;CenterY "CenterY" true true false 8 Double 0 0 ,First,#,D:\Delo\Lidar_objava\Fishnet.gdb\Lidar_fishnet_GKOT_b_14,CenterY,-1,-1;ZOrder "ZOrder" true true false 4 Long 0 0 ,First,#,D:\Delo\Lidar_objava\Fishnet.gdb\Lidar_fishnet_GKOT_b_14,ZOrder,-1,-1;TypeID "Raster Type ID" true true false 4 Long 0 0 ,First,#,D:\Delo\Lidar_objava\Fishnet.gdb\Lidar_fishnet_GKOT_b_14,TypeID,-1,-1;ItemTS "ItemTS" true true false 8 Double 0 0 ,First,#,D:\Delo\Lidar_objava\Fishnet.gdb\Lidar_fishnet_GKOT_b_14,ItemTS,-1,-1;UriHash "UriHash" true true false 50 Text 0 0 ,First,#,D:\Delo\Lidar_objava\Fishnet.gdb\Lidar_fishnet_GKOT_b_14,UriHash,-1,-1;Version "Version" true true false 20 Text 0 0 ,First,#,D:\Delo\Lidar_objava\Fishnet.gdb\Lidar_fishnet_GKOT_b_14,Version,-1,-1;PointCount "Point Count" true true false 8 Double 0 0 ,First,#,D:\Delo\Lidar_objava\Fishnet.gdb\Lidar_fishnet_GKOT_b_14,PointCount,-1,-1;PointSpacing "Point Spacing" true true false 8 Double 0 0 ,First,#,D:\Delo\Lidar_objava\Fishnet.gdb\Lidar_fishnet_GKOT_b_14,PointSpacing,-1,-1;ZMin "ZMin" true true false 8 Double 0 0 ,First,#,D:\Delo\Lidar_objava\Fishnet.gdb\Lidar_fishnet_GKOT_b_14,ZMin,-1,-1;ZMax "ZMax" true true false 8 Double 0 0 ,First,#,D:\Delo\Lidar_objava\Fishnet.gdb\Lidar_fishnet_GKOT_b_14,ZMax,-1,-1;BLOK "BLOK" true true false 50 Text 0 0 ,First,#,D:\Delo\Lidar_objava\Fishnet.gdb\Lidar_fishnet_GKOT_b_14,BLOK,-1,-1;Shape_Length "Shape_Length" false true true 8 Double 0 0 ,First,#,D:\Delo\Lidar_objava\Fishnet.gdb\Lidar_fishnet_GKOT_b_14,Shape_Length,-1,-1;Shape_Area "Shape_Area" false true true 8 Double 0 0 ,First,#,D:\Delo\Lidar_objava\Fishnet.gdb\Lidar_fishnet_GKOT_b_14,Shape_Area,-1,-1;TEMP "TEMP" true true false 50 Text 0 0 ,First,#;DATUM_SNEM "DATUM_SNEM" true true false 50 Text 0 0 ,First,#,D:\Delo\Lidar_objava\Fishnet.gdb\Lidar_fishnet_GKOT_b_14,DATUM_SNEM,-1,-1" #</Process><Process ToolSource="c:\program files (x86)\arcgis\desktop10.1\ArcToolbox\Toolboxes\Data Management Tools.tbx\CalculateField" Date="20150318" Time="104810">CalculateField Lidar_fishnet_DMR1_skupaj TEMP !Name!.split("_",1)[1] PYTHON_9.3 #</Process><Process ToolSource="c:\program files (x86)\arcgis\desktop10.1\ArcToolbox\Toolboxes\Data Management Tools.tbx\CalculateField" Date="20150318" Time="104854">CalculateField Lidar_fishnet_DMR1_skupaj Name ""GK1_"&amp; [TEMP]" VB #</Process><Process ToolSource="c:\program files (x86)\arcgis\desktop10.1\ArcToolbox\Toolboxes\Conversion Tools.tbx\FeatureClassToFeatureClass" Date="20150318" Time="105736">FeatureClassToFeatureClass D:\Delo\Lidar_objava\Fishnet.gdb\Lidar_fishnet_DMR1_skupaj "Database Connections\ARSO_DIRECT@TAJFUN.sde" LIDAR_FISHNET_DMR1 # "Raster "Raster" true true false 0 Long 0 0 ,First,#,D:\Delo\Lidar_objava\Fishnet.gdb\Lidar_fishnet_DMR1_skupaj,Raster,-1,-1;Name "Name" true true false 50 Text 0 0 ,First,#,D:\Delo\Lidar_objava\Fishnet.gdb\Lidar_fishnet_DMR1_skupaj,Name,-1,-1;MinPS "MinPS" true true false 8 Double 0 0 ,First,#,D:\Delo\Lidar_objava\Fishnet.gdb\Lidar_fishnet_DMR1_skupaj,MinPS,-1,-1;MaxPS "MaxPS" true true false 8 Double 0 0 ,First,#,D:\Delo\Lidar_objava\Fishnet.gdb\Lidar_fishnet_DMR1_skupaj,MaxPS,-1,-1;LowPS "LowPS" true true false 8 Double 0 0 ,First,#,D:\Delo\Lidar_objava\Fishnet.gdb\Lidar_fishnet_DMR1_skupaj,LowPS,-1,-1;HighPS "HighPS" true true false 8 Double 0 0 ,First,#,D:\Delo\Lidar_objava\Fishnet.gdb\Lidar_fishnet_DMR1_skupaj,HighPS,-1,-1;Category "Category" true true false 4 Long 0 0 ,First,#,D:\Delo\Lidar_objava\Fishnet.gdb\Lidar_fishnet_DMR1_skupaj,Category,-1,-1;Tag "Tag" true true false 20 Text 0 0 ,First,#,D:\Delo\Lidar_objava\Fishnet.gdb\Lidar_fishnet_DMR1_skupaj,Tag,-1,-1;GroupName "GroupName" true true false 50 Text 0 0 ,First,#,D:\Delo\Lidar_objava\Fishnet.gdb\Lidar_fishnet_DMR1_skupaj,GroupName,-1,-1;ProductName "ProductName" true true false 50 Text 0 0 ,First,#,D:\Delo\Lidar_objava\Fishnet.gdb\Lidar_fishnet_DMR1_skupaj,ProductName,-1,-1;CenterX "CenterX" true true false 8 Double 0 0 ,First,#,D:\Delo\Lidar_objava\Fishnet.gdb\Lidar_fishnet_DMR1_skupaj,CenterX,-1,-1;CenterY "CenterY" true true false 8 Double 0 0 ,First,#,D:\Delo\Lidar_objava\Fishnet.gdb\Lidar_fishnet_DMR1_skupaj,CenterY,-1,-1;ZOrder "ZOrder" true true false 4 Long 0 0 ,First,#,D:\Delo\Lidar_objava\Fishnet.gdb\Lidar_fishnet_DMR1_skupaj,ZOrder,-1,-1;TypeID "Raster Type ID" true true false 4 Long 0 0 ,First,#,D:\Delo\Lidar_objava\Fishnet.gdb\Lidar_fishnet_DMR1_skupaj,TypeID,-1,-1;ItemTS "ItemTS" true true false 8 Double 0 0 ,First,#,D:\Delo\Lidar_objava\Fishnet.gdb\Lidar_fishnet_DMR1_skupaj,ItemTS,-1,-1;UriHash "UriHash" true true false 50 Text 0 0 ,First,#,D:\Delo\Lidar_objava\Fishnet.gdb\Lidar_fishnet_DMR1_skupaj,UriHash,-1,-1;Version "Version" true true false 20 Text 0 0 ,First,#,D:\Delo\Lidar_objava\Fishnet.gdb\Lidar_fishnet_DMR1_skupaj,Version,-1,-1;PointCount "Point Count" true true false 8 Double 0 0 ,First,#,D:\Delo\Lidar_objava\Fishnet.gdb\Lidar_fishnet_DMR1_skupaj,PointCount,-1,-1;PointSpacing "Point Spacing" true true false 8 Double 0 0 ,First,#,D:\Delo\Lidar_objava\Fishnet.gdb\Lidar_fishnet_DMR1_skupaj,PointSpacing,-1,-1;ZMin "ZMin" true true false 8 Double 0 0 ,First,#,D:\Delo\Lidar_objava\Fishnet.gdb\Lidar_fishnet_DMR1_skupaj,ZMin,-1,-1;ZMax "ZMax" true true false 8 Double 0 0 ,First,#,D:\Delo\Lidar_objava\Fishnet.gdb\Lidar_fishnet_DMR1_skupaj,ZMax,-1,-1;BLOK "BLOK" true true false 50 Text 0 0 ,First,#,D:\Delo\Lidar_objava\Fishnet.gdb\Lidar_fishnet_DMR1_skupaj,BLOK,-1,-1;Shape_Length "Shape_Length" false true true 8 Double 0 0 ,First,#,D:\Delo\Lidar_objava\Fishnet.gdb\Lidar_fishnet_DMR1_skupaj,Shape_Length,-1,-1;Shape_Area "Shape_Area" false true true 8 Double 0 0 ,First,#,D:\Delo\Lidar_objava\Fishnet.gdb\Lidar_fishnet_DMR1_skupaj,Shape_Area,-1,-1;DATUM_SNEM "DATUM_SNEM" true true false 50 Text 0 0 ,First,#,D:\Delo\Lidar_objava\Fishnet.gdb\Lidar_fishnet_DMR1_skupaj,DATUM_SNEM,-1,-1" #</Process><Process ToolSource="c:\program files (x86)\arcgis\desktop10.1\ArcToolbox\Toolboxes\Data Management Tools.tbx\CalculateField" Date="20150318" Time="134858">CalculateField ARSO.LIDAR_FISHNET_DMR1 DATUM_SNEM "14. 2. 2014, 23. 2. 2014, 24. 2. 2014" VB #</Process><Process ToolSource="c:\program files (x86)\arcgis\desktop10.1\ArcToolbox\Toolboxes\Data Management Tools.tbx\CalculateField" Date="20150318" Time="135232">CalculateField ARSO.LIDAR_FISHNET_DMR1 DATUM_SNEM "12. 3. 2014, 14. 3. 2014, 20. 3. 2014 in 7. 6. 2014" VB #</Process><Process ToolSource="c:\program files (x86)\arcgis\desktop10.1\ArcToolbox\Toolboxes\Data Management Tools.tbx\CalculateField" Date="20150318" Time="135331">CalculateField ARSO.LIDAR_FISHNET_DMR1 DATUM_SNEM " 25. 2. 2014, 11. 3. 2014, 15. 3. 2014, 30. 3. 2014 in 7. 6. 2014" VB #</Process><Process ToolSource="c:\program files (x86)\arcgis\desktop10.1\ArcToolbox\Toolboxes\Data Management Tools.tbx\CalculateField" Date="20150318" Time="135458">CalculateField ARSO.LIDAR_FISHNET_DMR1 DATUM_SNEM "25. 2. 2014, 11. 3. 2014, 15. 3. 2014, 30. 3. 2014 in 7. 6. 2014" VB #</Process><Process ToolSource="c:\program files (x86)\arcgis\desktop10.1\ArcToolbox\Toolboxes\Data Management Tools.tbx\CalculateField" Date="20150318" Time="135550">CalculateField ARSO.LIDAR_FISHNET_DMR1 DATUM_SNEM "31. 3. 2014, 1. 4. 2014, 2. 4. 2014 in 10. 6. 2014" VB #</Process><Process ToolSource="c:\program files (x86)\arcgis\desktop10.1\ArcToolbox\Toolboxes\Data Management Tools.tbx\CalculateField" Date="20150318" Time="154955">CalculateField ARSO.LIDAR_FISHNET temp !NAME!.split("_",1)[1] PYTHON_9.3 #</Process><Process ToolSource="c:\program files (x86)\arcgis\desktop10.1\ArcToolbox\Toolboxes\Data Management Tools.tbx\CalculateField" Date="20150318" Time="155025">CalculateField ARSO.LIDAR_FISHNET NAME [temp] VB #</Process><Process ToolSource="c:\program files (x86)\arcgis\desktop10.1\ArcToolbox\Toolboxes\Data Management Tools.tbx\CalculateField" Date="20150327" Time="124952">CalculateField ARSO.LIDAR_FISHNET temp [DATUM_SNEM] VB #</Process><Process ToolSource="c:\program files (x86)\arcgis\desktop10.1\ArcToolbox\Toolboxes\Data Management Tools.tbx\CalculateField" Date="20150327" Time="125050">CalculateField ARSO.LIDAR_FISHNET DATUM_SNEM [temp] VB #</Process><Process ToolSource="c:\program files (x86)\arcgis\desktop10.1\ArcToolbox\Toolboxes\Data Management Tools.tbx\Append" Date="20150327" Time="125705">Append Lidar_fishnet_GKOT_b_12 ARSO.LIDAR_FISHNET NO_TEST "NAME "Name" true true false 50 Text 0 0 ,First,#,D:\Delo\Lidar_objava\Fishnet.gdb\Lidar_fishnet_GKOT_b_12,Name,-1,-1;MINPS "MinPS" true true false 8 Double 8 38 ,First,#,D:\Delo\Lidar_objava\Fishnet.gdb\Lidar_fishnet_GKOT_b_12,MinPS,-1,-1;MAXPS "MaxPS" true true false 8 Double 8 38 ,First,#,D:\Delo\Lidar_objava\Fishnet.gdb\Lidar_fishnet_GKOT_b_12,MaxPS,-1,-1;LOWPS "LowPS" true true false 8 Double 8 38 ,First,#,D:\Delo\Lidar_objava\Fishnet.gdb\Lidar_fishnet_GKOT_b_12,LowPS,-1,-1;HIGHPS "HighPS" true true false 8 Double 8 38 ,First,#,D:\Delo\Lidar_objava\Fishnet.gdb\Lidar_fishnet_GKOT_b_12,HighPS,-1,-1;CATEGORY "Category" true true false 4 Long 0 10 ,First,#,D:\Delo\Lidar_objava\Fishnet.gdb\Lidar_fishnet_GKOT_b_12,Category,-1,-1;TAG "Tag" true true false 20 Text 0 0 ,First,#,D:\Delo\Lidar_objava\Fishnet.gdb\Lidar_fishnet_GKOT_b_12,Tag,-1,-1;GROUPNAME "GroupName" true true false 50 Text 0 0 ,First,#,D:\Delo\Lidar_objava\Fishnet.gdb\Lidar_fishnet_GKOT_b_12,GroupName,-1,-1;PRODUCTNAME "ProductName" true true false 50 Text 0 0 ,First,#,D:\Delo\Lidar_objava\Fishnet.gdb\Lidar_fishnet_GKOT_b_12,ProductName,-1,-1;CENTERX "CenterX" true true false 8 Double 8 38 ,First,#,D:\Delo\Lidar_objava\Fishnet.gdb\Lidar_fishnet_GKOT_b_12,CenterX,-1,-1;CENTERY "CenterY" true true false 8 Double 8 38 ,First,#,D:\Delo\Lidar_objava\Fishnet.gdb\Lidar_fishnet_GKOT_b_12,CenterY,-1,-1;ZORDER "ZOrder" true true false 4 Long 0 10 ,First,#,D:\Delo\Lidar_objava\Fishnet.gdb\Lidar_fishnet_GKOT_b_12,ZOrder,-1,-1;TYPEID "Raster Type ID" true true false 4 Long 0 10 ,First,#,D:\Delo\Lidar_objava\Fishnet.gdb\Lidar_fishnet_GKOT_b_12,TypeID,-1,-1;ITEMTS "ItemTS" true true false 8 Double 8 38 ,First,#,D:\Delo\Lidar_objava\Fishnet.gdb\Lidar_fishnet_GKOT_b_12,ItemTS,-1,-1;URIHASH "UriHash" true true false 50 Text 0 0 ,First,#,D:\Delo\Lidar_objava\Fishnet.gdb\Lidar_fishnet_GKOT_b_12,UriHash,-1,-1;VERSION "Version" true true false 20 Text 0 0 ,First,#,D:\Delo\Lidar_objava\Fishnet.gdb\Lidar_fishnet_GKOT_b_12,Version,-1,-1;POINTCOUNT "Point Count" true true false 8 Double 8 38 ,First,#,D:\Delo\Lidar_objava\Fishnet.gdb\Lidar_fishnet_GKOT_b_12,PointCount,-1,-1;POINTSPACING "Point Spacing" true true false 8 Double 8 38 ,First,#,D:\Delo\Lidar_objava\Fishnet.gdb\Lidar_fishnet_GKOT_b_12,PointSpacing,-1,-1;ZMIN "ZMin" true true false 8 Double 8 38 ,First,#,D:\Delo\Lidar_objava\Fishnet.gdb\Lidar_fishnet_GKOT_b_12,ZMin,-1,-1;ZMAX "ZMax" true true false 8 Double 8 38 ,First,#,D:\Delo\Lidar_objava\Fishnet.gdb\Lidar_fishnet_GKOT_b_12,ZMax,-1,-1;BLOK "BLOK" true true false 50 Text 0 0 ,First,#,D:\Delo\Lidar_objava\Fishnet.gdb\Lidar_fishnet_GKOT_b_12,BLOK,-1,-1;RASTER "Raster" true true false 4 Long 0 0 ,First,#,D:\Delo\Lidar_objava\Fishnet.gdb\Lidar_fishnet_GKOT_b_12,Raster,-1,-1;DATUM_SNEM "DATUM_SNEM" true true false 256 Text 0 0 ,First,#,D:\Delo\Lidar_objava\Fishnet.gdb\Lidar_fishnet_GKOT_b_12,DATUM_SNEM,-1,-1;SHAPE.AREA "SHAPE.AREA" false false true 0 Double 0 0 ,First,#;SHAPE.LEN "SHAPE.LEN" false false true 0 Double 0 0 ,First,#" #</Process><Process ToolSource="c:\program files (x86)\arcgis\desktop10.1\ArcToolbox\Toolboxes\Data Management Tools.tbx\Append" Date="20150331" Time="084830">Append LAS\Lidar_fishnet_GKOT_b_21 ARSO.LIDAR_FISHNET NO_TEST "NAME "Name" true true false 50 Text 0 0 ,First,#,D:\Delo\Lidar_objava\Fishnet.gdb\Lidar_fishnet_GKOT_b_21,Name,-1,-1;MINPS "MinPS" true true false 8 Double 8 38 ,First,#,D:\Delo\Lidar_objava\Fishnet.gdb\Lidar_fishnet_GKOT_b_21,MinPS,-1,-1;MAXPS "MaxPS" true true false 8 Double 8 38 ,First,#,D:\Delo\Lidar_objava\Fishnet.gdb\Lidar_fishnet_GKOT_b_21,MaxPS,-1,-1;LOWPS "LowPS" true true false 8 Double 8 38 ,First,#,D:\Delo\Lidar_objava\Fishnet.gdb\Lidar_fishnet_GKOT_b_21,LowPS,-1,-1;HIGHPS "HighPS" true true false 8 Double 8 38 ,First,#,D:\Delo\Lidar_objava\Fishnet.gdb\Lidar_fishnet_GKOT_b_21,HighPS,-1,-1;CATEGORY "Category" true true false 4 Long 0 10 ,First,#,D:\Delo\Lidar_objava\Fishnet.gdb\Lidar_fishnet_GKOT_b_21,Category,-1,-1;TAG "Tag" true true false 20 Text 0 0 ,First,#,D:\Delo\Lidar_objava\Fishnet.gdb\Lidar_fishnet_GKOT_b_21,Tag,-1,-1;GROUPNAME "GroupName" true true false 50 Text 0 0 ,First,#,D:\Delo\Lidar_objava\Fishnet.gdb\Lidar_fishnet_GKOT_b_21,GroupName,-1,-1;PRODUCTNAME "ProductName" true true false 50 Text 0 0 ,First,#,D:\Delo\Lidar_objava\Fishnet.gdb\Lidar_fishnet_GKOT_b_21,ProductName,-1,-1;CENTERX "CenterX" true true false 8 Double 8 38 ,First,#,D:\Delo\Lidar_objava\Fishnet.gdb\Lidar_fishnet_GKOT_b_21,CenterX,-1,-1;CENTERY "CenterY" true true false 8 Double 8 38 ,First,#,D:\Delo\Lidar_objava\Fishnet.gdb\Lidar_fishnet_GKOT_b_21,CenterY,-1,-1;ZORDER "ZOrder" true true false 4 Long 0 10 ,First,#,D:\Delo\Lidar_objava\Fishnet.gdb\Lidar_fishnet_GKOT_b_21,ZOrder,-1,-1;TYPEID "Raster Type ID" true true false 4 Long 0 10 ,First,#,D:\Delo\Lidar_objava\Fishnet.gdb\Lidar_fishnet_GKOT_b_21,TypeID,-1,-1;ITEMTS "ItemTS" true true false 8 Double 8 38 ,First,#,D:\Delo\Lidar_objava\Fishnet.gdb\Lidar_fishnet_GKOT_b_21,ItemTS,-1,-1;URIHASH "UriHash" true true false 50 Text 0 0 ,First,#,D:\Delo\Lidar_objava\Fishnet.gdb\Lidar_fishnet_GKOT_b_21,UriHash,-1,-1;VERSION "Version" true true false 20 Text 0 0 ,First,#,D:\Delo\Lidar_objava\Fishnet.gdb\Lidar_fishnet_GKOT_b_21,Version,-1,-1;POINTCOUNT "Point Count" true true false 8 Double 8 38 ,First,#,D:\Delo\Lidar_objava\Fishnet.gdb\Lidar_fishnet_GKOT_b_21,PointCount,-1,-1;POINTSPACING "Point Spacing" true true false 8 Double 8 38 ,First,#,D:\Delo\Lidar_objava\Fishnet.gdb\Lidar_fishnet_GKOT_b_21,PointSpacing,-1,-1;ZMIN "ZMin" true true false 8 Double 8 38 ,First,#,D:\Delo\Lidar_objava\Fishnet.gdb\Lidar_fishnet_GKOT_b_21,ZMin,-1,-1;ZMAX "ZMax" true true false 8 Double 8 38 ,First,#,D:\Delo\Lidar_objava\Fishnet.gdb\Lidar_fishnet_GKOT_b_21,ZMax,-1,-1;BLOK "BLOK" true true false 50 Text 0 0 ,First,#,D:\Delo\Lidar_objava\Fishnet.gdb\Lidar_fishnet_GKOT_b_21,BLOK,-1,-1;RASTER "Raster" true true false 4 Long 0 0 ,First,#,D:\Delo\Lidar_objava\Fishnet.gdb\Lidar_fishnet_GKOT_b_21,Raster,-1,-1;DATUM_SNEM "DATUM_SNEM" true true false 256 Text 0 0 ,First,#,D:\Delo\Lidar_objava\Fishnet.gdb\Lidar_fishnet_GKOT_b_21,DATUM_SNEM,-1,-1;SHAPE.AREA "SHAPE.AREA" false false true 0 Double 0 0 ,First,#;SHAPE.LEN "SHAPE.LEN" false false true 0 Double 0 0 ,First,#" #</Process><Process ToolSource="c:\program files (x86)\arcgis\desktop10.1\ArcToolbox\Toolboxes\Data Management Tools.tbx\Append" Date="20150331" Time="124603">Append Lidar_fishnet_GKOT_b_34 ARSO.LIDAR_FISHNET NO_TEST "NAME "Name" true true false 50 Text 0 0 ,First,#,D:\Delo\Lidar_objava\Fishnet.gdb\Lidar_fishnet_GKOT_b_34,Name,-1,-1;MINPS "MinPS" true true false 8 Double 8 38 ,First,#,D:\Delo\Lidar_objava\Fishnet.gdb\Lidar_fishnet_GKOT_b_34,MinPS,-1,-1;MAXPS "MaxPS" true true false 8 Double 8 38 ,First,#,D:\Delo\Lidar_objava\Fishnet.gdb\Lidar_fishnet_GKOT_b_34,MaxPS,-1,-1;LOWPS "LowPS" true true false 8 Double 8 38 ,First,#,D:\Delo\Lidar_objava\Fishnet.gdb\Lidar_fishnet_GKOT_b_34,LowPS,-1,-1;HIGHPS "HighPS" true true false 8 Double 8 38 ,First,#,D:\Delo\Lidar_objava\Fishnet.gdb\Lidar_fishnet_GKOT_b_34,HighPS,-1,-1;CATEGORY "Category" true true false 4 Long 0 10 ,First,#,D:\Delo\Lidar_objava\Fishnet.gdb\Lidar_fishnet_GKOT_b_34,Category,-1,-1;TAG "Tag" true true false 20 Text 0 0 ,First,#,D:\Delo\Lidar_objava\Fishnet.gdb\Lidar_fishnet_GKOT_b_34,Tag,-1,-1;GROUPNAME "GroupName" true true false 50 Text 0 0 ,First,#,D:\Delo\Lidar_objava\Fishnet.gdb\Lidar_fishnet_GKOT_b_34,GroupName,-1,-1;PRODUCTNAME "ProductName" true true false 50 Text 0 0 ,First,#,D:\Delo\Lidar_objava\Fishnet.gdb\Lidar_fishnet_GKOT_b_34,ProductName,-1,-1;CENTERX "CenterX" true true false 8 Double 8 38 ,First,#,D:\Delo\Lidar_objava\Fishnet.gdb\Lidar_fishnet_GKOT_b_34,CenterX,-1,-1;CENTERY "CenterY" true true false 8 Double 8 38 ,First,#,D:\Delo\Lidar_objava\Fishnet.gdb\Lidar_fishnet_GKOT_b_34,CenterY,-1,-1;ZORDER "ZOrder" true true false 4 Long 0 10 ,First,#,D:\Delo\Lidar_objava\Fishnet.gdb\Lidar_fishnet_GKOT_b_34,ZOrder,-1,-1;TYPEID "Raster Type ID" true true false 4 Long 0 10 ,First,#,D:\Delo\Lidar_objava\Fishnet.gdb\Lidar_fishnet_GKOT_b_34,TypeID,-1,-1;ITEMTS "ItemTS" true true false 8 Double 8 38 ,First,#,D:\Delo\Lidar_objava\Fishnet.gdb\Lidar_fishnet_GKOT_b_34,ItemTS,-1,-1;URIHASH "UriHash" true true false 50 Text 0 0 ,First,#,D:\Delo\Lidar_objava\Fishnet.gdb\Lidar_fishnet_GKOT_b_34,UriHash,-1,-1;VERSION "Version" true true false 20 Text 0 0 ,First,#,D:\Delo\Lidar_objava\Fishnet.gdb\Lidar_fishnet_GKOT_b_34,Version,-1,-1;POINTCOUNT "Point Count" true true false 8 Double 8 38 ,First,#,D:\Delo\Lidar_objava\Fishnet.gdb\Lidar_fishnet_GKOT_b_34,PointCount,-1,-1;POINTSPACING "Point Spacing" true true false 8 Double 8 38 ,First,#,D:\Delo\Lidar_objava\Fishnet.gdb\Lidar_fishnet_GKOT_b_34,PointSpacing,-1,-1;ZMIN "ZMin" true true false 8 Double 8 38 ,First,#,D:\Delo\Lidar_objava\Fishnet.gdb\Lidar_fishnet_GKOT_b_34,ZMin,-1,-1;ZMAX "ZMax" true true false 8 Double 8 38 ,First,#,D:\Delo\Lidar_objava\Fishnet.gdb\Lidar_fishnet_GKOT_b_34,ZMax,-1,-1;BLOK "BLOK" true true false 50 Text 0 0 ,First,#,D:\Delo\Lidar_objava\Fishnet.gdb\Lidar_fishnet_GKOT_b_34,BLOK,-1,-1;RASTER "Raster" true true false 4 Long 0 0 ,First,#,D:\Delo\Lidar_objava\Fishnet.gdb\Lidar_fishnet_GKOT_b_34,Raster,-1,-1;DATUM_SNEM "DATUM_SNEM" true true false 256 Text 0 0 ,First,#,D:\Delo\Lidar_objava\Fishnet.gdb\Lidar_fishnet_GKOT_b_34,DATUM_SNEM,-1,-1;SHAPE.AREA "SHAPE.AREA" false false true 0 Double 0 0 ,First,#;SHAPE.LEN "SHAPE.LEN" false false true 0 Double 0 0 ,First,#" #</Process><Process ToolSource="c:\program files (x86)\arcgis\desktop10.1\ArcToolbox\Toolboxes\Data Management Tools.tbx\CalculateField" Date="20150401" Time="101913">CalculateField ARSO.LIDAR_FISHNET DATUM_SNEM "23.02, 24.02, 04.03, 05.03, 08.03, 08.04. 2011" VB #</Process><Process ToolSource="c:\program files (x86)\arcgis\desktop10.1\ArcToolbox\Toolboxes\Data Management Tools.tbx\Append" Date="20150407" Time="141108">Append Lidar_fishnet_GKOT_b_25 ARSO.LIDAR_FISHNET NO_TEST "NAME "Name" true true false 50 Text 0 0 ,First,#,D:\Delo\Lidar_objava\Fishnet.gdb\Lidar_fishnet_GKOT_b_25,Name,-1,-1;MINPS "MinPS" true true false 8 Double 8 38 ,First,#,D:\Delo\Lidar_objava\Fishnet.gdb\Lidar_fishnet_GKOT_b_25,MinPS,-1,-1;MAXPS "MaxPS" true true false 8 Double 8 38 ,First,#,D:\Delo\Lidar_objava\Fishnet.gdb\Lidar_fishnet_GKOT_b_25,MaxPS,-1,-1;LOWPS "LowPS" true true false 8 Double 8 38 ,First,#,D:\Delo\Lidar_objava\Fishnet.gdb\Lidar_fishnet_GKOT_b_25,LowPS,-1,-1;HIGHPS "HighPS" true true false 8 Double 8 38 ,First,#,D:\Delo\Lidar_objava\Fishnet.gdb\Lidar_fishnet_GKOT_b_25,HighPS,-1,-1;CATEGORY "Category" true true false 4 Long 0 10 ,First,#,D:\Delo\Lidar_objava\Fishnet.gdb\Lidar_fishnet_GKOT_b_25,Category,-1,-1;TAG "Tag" true true false 20 Text 0 0 ,First,#,D:\Delo\Lidar_objava\Fishnet.gdb\Lidar_fishnet_GKOT_b_25,Tag,-1,-1;GROUPNAME "GroupName" true true false 50 Text 0 0 ,First,#,D:\Delo\Lidar_objava\Fishnet.gdb\Lidar_fishnet_GKOT_b_25,GroupName,-1,-1;PRODUCTNAME "ProductName" true true false 50 Text 0 0 ,First,#,D:\Delo\Lidar_objava\Fishnet.gdb\Lidar_fishnet_GKOT_b_25,ProductName,-1,-1;CENTERX "CenterX" true true false 8 Double 8 38 ,First,#,D:\Delo\Lidar_objava\Fishnet.gdb\Lidar_fishnet_GKOT_b_25,CenterX,-1,-1;CENTERY "CenterY" true true false 8 Double 8 38 ,First,#,D:\Delo\Lidar_objava\Fishnet.gdb\Lidar_fishnet_GKOT_b_25,CenterY,-1,-1;ZORDER "ZOrder" true true false 4 Long 0 10 ,First,#,D:\Delo\Lidar_objava\Fishnet.gdb\Lidar_fishnet_GKOT_b_25,ZOrder,-1,-1;TYPEID "Raster Type ID" true true false 4 Long 0 10 ,First,#,D:\Delo\Lidar_objava\Fishnet.gdb\Lidar_fishnet_GKOT_b_25,TypeID,-1,-1;ITEMTS "ItemTS" true true false 8 Double 8 38 ,First,#,D:\Delo\Lidar_objava\Fishnet.gdb\Lidar_fishnet_GKOT_b_25,ItemTS,-1,-1;URIHASH "UriHash" true true false 50 Text 0 0 ,First,#,D:\Delo\Lidar_objava\Fishnet.gdb\Lidar_fishnet_GKOT_b_25,UriHash,-1,-1;VERSION "Version" true true false 20 Text 0 0 ,First,#,D:\Delo\Lidar_objava\Fishnet.gdb\Lidar_fishnet_GKOT_b_25,Version,-1,-1;POINTCOUNT "Point Count" true true false 8 Double 8 38 ,First,#,D:\Delo\Lidar_objava\Fishnet.gdb\Lidar_fishnet_GKOT_b_25,PointCount,-1,-1;POINTSPACING "Point Spacing" true true false 8 Double 8 38 ,First,#,D:\Delo\Lidar_objava\Fishnet.gdb\Lidar_fishnet_GKOT_b_25,PointSpacing,-1,-1;ZMIN "ZMin" true true false 8 Double 8 38 ,First,#,D:\Delo\Lidar_objava\Fishnet.gdb\Lidar_fishnet_GKOT_b_25,ZMin,-1,-1;ZMAX "ZMax" true true false 8 Double 8 38 ,First,#,D:\Delo\Lidar_objava\Fishnet.gdb\Lidar_fishnet_GKOT_b_25,ZMax,-1,-1;BLOK "BLOK" true true false 50 Text 0 0 ,First,#,D:\Delo\Lidar_objava\Fishnet.gdb\Lidar_fishnet_GKOT_b_25,BLOK,-1,-1;RASTER "Raster" true true false 4 Long 0 0 ,First,#,D:\Delo\Lidar_objava\Fishnet.gdb\Lidar_fishnet_GKOT_b_25,Raster,-1,-1;DATUM_SNEM "DATUM_SNEM" true true false 256 Text 0 0 ,First,#,D:\Delo\Lidar_objava\Fishnet.gdb\Lidar_fishnet_GKOT_b_25,DATUM_SNEM,-1,-1;SHAPE.AREA "SHAPE.AREA" false false true 0 Double 0 0 ,First,#;SHAPE.LEN "SHAPE.LEN" false false true 0 Double 0 0 ,First,#" #</Process><Process ToolSource="c:\program files (x86)\arcgis\desktop10.1\ArcToolbox\Toolboxes\Data Management Tools.tbx\Append" Date="20150407" Time="142118">Append Lidar_fishnet_GKOT_b_15 ARSO.LIDAR_FISHNET NO_TEST "NAME "Name" true true false 50 Text 0 0 ,First,#,D:\Delo\Lidar_objava\Fishnet.gdb\Lidar_fishnet_GKOT_b_15,Name,-1,-1;MINPS "MinPS" true true false 8 Double 8 38 ,First,#,D:\Delo\Lidar_objava\Fishnet.gdb\Lidar_fishnet_GKOT_b_15,MinPS,-1,-1;MAXPS "MaxPS" true true false 8 Double 8 38 ,First,#,D:\Delo\Lidar_objava\Fishnet.gdb\Lidar_fishnet_GKOT_b_15,MaxPS,-1,-1;LOWPS "LowPS" true true false 8 Double 8 38 ,First,#,D:\Delo\Lidar_objava\Fishnet.gdb\Lidar_fishnet_GKOT_b_15,LowPS,-1,-1;HIGHPS "HighPS" true true false 8 Double 8 38 ,First,#,D:\Delo\Lidar_objava\Fishnet.gdb\Lidar_fishnet_GKOT_b_15,HighPS,-1,-1;CATEGORY "Category" true true false 4 Long 0 10 ,First,#,D:\Delo\Lidar_objava\Fishnet.gdb\Lidar_fishnet_GKOT_b_15,Category,-1,-1;TAG "Tag" true true false 20 Text 0 0 ,First,#,D:\Delo\Lidar_objava\Fishnet.gdb\Lidar_fishnet_GKOT_b_15,Tag,-1,-1;GROUPNAME "GroupName" true true false 50 Text 0 0 ,First,#,D:\Delo\Lidar_objava\Fishnet.gdb\Lidar_fishnet_GKOT_b_15,GroupName,-1,-1;PRODUCTNAME "ProductName" true true false 50 Text 0 0 ,First,#,D:\Delo\Lidar_objava\Fishnet.gdb\Lidar_fishnet_GKOT_b_15,ProductName,-1,-1;CENTERX "CenterX" true true false 8 Double 8 38 ,First,#,D:\Delo\Lidar_objava\Fishnet.gdb\Lidar_fishnet_GKOT_b_15,CenterX,-1,-1;CENTERY "CenterY" true true false 8 Double 8 38 ,First,#,D:\Delo\Lidar_objava\Fishnet.gdb\Lidar_fishnet_GKOT_b_15,CenterY,-1,-1;ZORDER "ZOrder" true true false 4 Long 0 10 ,First,#,D:\Delo\Lidar_objava\Fishnet.gdb\Lidar_fishnet_GKOT_b_15,ZOrder,-1,-1;TYPEID "Raster Type ID" true true false 4 Long 0 10 ,First,#,D:\Delo\Lidar_objava\Fishnet.gdb\Lidar_fishnet_GKOT_b_15,TypeID,-1,-1;ITEMTS "ItemTS" true true false 8 Double 8 38 ,First,#,D:\Delo\Lidar_objava\Fishnet.gdb\Lidar_fishnet_GKOT_b_15,ItemTS,-1,-1;URIHASH "UriHash" true true false 50 Text 0 0 ,First,#,D:\Delo\Lidar_objava\Fishnet.gdb\Lidar_fishnet_GKOT_b_15,UriHash,-1,-1;VERSION "Version" true true false 20 Text 0 0 ,First,#,D:\Delo\Lidar_objava\Fishnet.gdb\Lidar_fishnet_GKOT_b_15,Version,-1,-1;POINTCOUNT "Point Count" true true false 8 Double 8 38 ,First,#,D:\Delo\Lidar_objava\Fishnet.gdb\Lidar_fishnet_GKOT_b_15,PointCount,-1,-1;POINTSPACING "Point Spacing" true true false 8 Double 8 38 ,First,#,D:\Delo\Lidar_objava\Fishnet.gdb\Lidar_fishnet_GKOT_b_15,PointSpacing,-1,-1;ZMIN "ZMin" true true false 8 Double 8 38 ,First,#,D:\Delo\Lidar_objava\Fishnet.gdb\Lidar_fishnet_GKOT_b_15,ZMin,-1,-1;ZMAX "ZMax" true true false 8 Double 8 38 ,First,#,D:\Delo\Lidar_objava\Fishnet.gdb\Lidar_fishnet_GKOT_b_15,ZMax,-1,-1;BLOK "BLOK" true true false 50 Text 0 0 ,First,#,D:\Delo\Lidar_objava\Fishnet.gdb\Lidar_fishnet_GKOT_b_15,BLOK,-1,-1;RASTER "Raster" true true false 4 Long 0 0 ,First,#,D:\Delo\Lidar_objava\Fishnet.gdb\Lidar_fishnet_GKOT_b_15,Raster,-1,-1;DATUM_SNEM "DATUM_SNEM" true true false 256 Text 0 0 ,First,#,D:\Delo\Lidar_objava\Fishnet.gdb\Lidar_fishnet_GKOT_b_15,DATUM_SNEM,-1,-1;SHAPE.AREA "SHAPE.AREA" false false true 0 Double 0 0 ,First,#;SHAPE.LEN "SHAPE.LEN" false false true 0 Double 0 0 ,First,#" #</Process><Process ToolSource="c:\program files (x86)\arcgis\desktop10.1\ArcToolbox\Toolboxes\Data Management Tools.tbx\Append" Date="20150609" Time="092642">Append Lidar_fishnet_GKOT_b_23 ARSO.LIDAR_FISHNET NO_TEST "NAME "Name" true true false 50 Text 0 0 ,First,#,D:\Delo\2015\2015_03_15_Lidar_objava\Fishnet.gdb\Lidar_fishnet_GKOT_b_23,Name,-1,-1;MINPS "MinPS" true true false 8 Double 8 38 ,First,#,D:\Delo\2015\2015_03_15_Lidar_objava\Fishnet.gdb\Lidar_fishnet_GKOT_b_23,MinPS,-1,-1;MAXPS "MaxPS" true true false 8 Double 8 38 ,First,#,D:\Delo\2015\2015_03_15_Lidar_objava\Fishnet.gdb\Lidar_fishnet_GKOT_b_23,MaxPS,-1,-1;LOWPS "LowPS" true true false 8 Double 8 38 ,First,#,D:\Delo\2015\2015_03_15_Lidar_objava\Fishnet.gdb\Lidar_fishnet_GKOT_b_23,LowPS,-1,-1;HIGHPS "HighPS" true true false 8 Double 8 38 ,First,#,D:\Delo\2015\2015_03_15_Lidar_objava\Fishnet.gdb\Lidar_fishnet_GKOT_b_23,HighPS,-1,-1;CATEGORY "Category" true true false 4 Long 0 10 ,First,#,D:\Delo\2015\2015_03_15_Lidar_objava\Fishnet.gdb\Lidar_fishnet_GKOT_b_23,Category,-1,-1;TAG "Tag" true true false 20 Text 0 0 ,First,#,D:\Delo\2015\2015_03_15_Lidar_objava\Fishnet.gdb\Lidar_fishnet_GKOT_b_23,Tag,-1,-1;GROUPNAME "GroupName" true true false 50 Text 0 0 ,First,#,D:\Delo\2015\2015_03_15_Lidar_objava\Fishnet.gdb\Lidar_fishnet_GKOT_b_23,GroupName,-1,-1;PRODUCTNAME "ProductName" true true false 50 Text 0 0 ,First,#,D:\Delo\2015\2015_03_15_Lidar_objava\Fishnet.gdb\Lidar_fishnet_GKOT_b_23,ProductName,-1,-1;CENTERX "CenterX" true true false 8 Double 8 38 ,First,#,D:\Delo\2015\2015_03_15_Lidar_objava\Fishnet.gdb\Lidar_fishnet_GKOT_b_23,CenterX,-1,-1;CENTERY "CenterY" true true false 8 Double 8 38 ,First,#,D:\Delo\2015\2015_03_15_Lidar_objava\Fishnet.gdb\Lidar_fishnet_GKOT_b_23,CenterY,-1,-1;ZORDER "ZOrder" true true false 4 Long 0 10 ,First,#,D:\Delo\2015\2015_03_15_Lidar_objava\Fishnet.gdb\Lidar_fishnet_GKOT_b_23,ZOrder,-1,-1;TYPEID "Raster Type ID" true true false 4 Long 0 10 ,First,#,D:\Delo\2015\2015_03_15_Lidar_objava\Fishnet.gdb\Lidar_fishnet_GKOT_b_23,TypeID,-1,-1;ITEMTS "ItemTS" true true false 8 Double 8 38 ,First,#,D:\Delo\2015\2015_03_15_Lidar_objava\Fishnet.gdb\Lidar_fishnet_GKOT_b_23,ItemTS,-1,-1;URIHASH "UriHash" true true false 50 Text 0 0 ,First,#,D:\Delo\2015\2015_03_15_Lidar_objava\Fishnet.gdb\Lidar_fishnet_GKOT_b_23,UriHash,-1,-1;VERSION "Version" true true false 20 Text 0 0 ,First,#,D:\Delo\2015\2015_03_15_Lidar_objava\Fishnet.gdb\Lidar_fishnet_GKOT_b_23,Version,-1,-1;POINTCOUNT "Point Count" true true false 8 Double 8 38 ,First,#,D:\Delo\2015\2015_03_15_Lidar_objava\Fishnet.gdb\Lidar_fishnet_GKOT_b_23,PointCount,-1,-1;POINTSPACING "Point Spacing" true true false 8 Double 8 38 ,First,#,D:\Delo\2015\2015_03_15_Lidar_objava\Fishnet.gdb\Lidar_fishnet_GKOT_b_23,PointSpacing,-1,-1;ZMIN "ZMin" true true false 8 Double 8 38 ,First,#,D:\Delo\2015\2015_03_15_Lidar_objava\Fishnet.gdb\Lidar_fishnet_GKOT_b_23,ZMin,-1,-1;ZMAX "ZMax" true true false 8 Double 8 38 ,First,#,D:\Delo\2015\2015_03_15_Lidar_objava\Fishnet.gdb\Lidar_fishnet_GKOT_b_23,ZMax,-1,-1;BLOK "BLOK" true true false 50 Text 0 0 ,First,#,D:\Delo\2015\2015_03_15_Lidar_objava\Fishnet.gdb\Lidar_fishnet_GKOT_b_23,BLOK,-1,-1;RASTER "Raster" true true false 4 Long 0 0 ,First,#,D:\Delo\2015\2015_03_15_Lidar_objava\Fishnet.gdb\Lidar_fishnet_GKOT_b_23,Raster,-1,-1;DATUM_SNEM "DATUM_SNEM" true true false 256 Text 0 0 ,First,#,D:\Delo\2015\2015_03_15_Lidar_objava\Fishnet.gdb\Lidar_fishnet_GKOT_b_23,DATUM_SNEM,-1,-1;SHAPE.AREA "SHAPE.AREA" false false true 0 Double 0 0 ,First,#;SHAPE.LEN "SHAPE.LEN" false false true 0 Double 0 0 ,First,#" #</Process><Process ToolSource="c:\program files (x86)\arcgis\desktop10.1\ArcToolbox\Toolboxes\Data Management Tools.tbx\Append" Date="20150616" Time="084745">Append Lidar_fishnet_GKOT_b_13 "GK 48\ARSO.LIDAR_FISHNET" NO_TEST "NAME "Name" true true false 50 Text 0 0 ,First,#,D:\Delo\2015\2015_03_15_Lidar_objava\Fishnet.gdb\Lidar_fishnet_GKOT_b_13,Name,-1,-1;MINPS "MinPS" true true false 8 Double 8 38 ,First,#,D:\Delo\2015\2015_03_15_Lidar_objava\Fishnet.gdb\Lidar_fishnet_GKOT_b_13,MinPS,-1,-1;MAXPS "MaxPS" true true false 8 Double 8 38 ,First,#,D:\Delo\2015\2015_03_15_Lidar_objava\Fishnet.gdb\Lidar_fishnet_GKOT_b_13,MaxPS,-1,-1;LOWPS "LowPS" true true false 8 Double 8 38 ,First,#,D:\Delo\2015\2015_03_15_Lidar_objava\Fishnet.gdb\Lidar_fishnet_GKOT_b_13,LowPS,-1,-1;HIGHPS "HighPS" true true false 8 Double 8 38 ,First,#,D:\Delo\2015\2015_03_15_Lidar_objava\Fishnet.gdb\Lidar_fishnet_GKOT_b_13,HighPS,-1,-1;CATEGORY "Category" true true false 4 Long 0 10 ,First,#,D:\Delo\2015\2015_03_15_Lidar_objava\Fishnet.gdb\Lidar_fishnet_GKOT_b_13,Category,-1,-1;TAG "Tag" true true false 20 Text 0 0 ,First,#,D:\Delo\2015\2015_03_15_Lidar_objava\Fishnet.gdb\Lidar_fishnet_GKOT_b_13,Tag,-1,-1;GROUPNAME "GroupName" true true false 50 Text 0 0 ,First,#,D:\Delo\2015\2015_03_15_Lidar_objava\Fishnet.gdb\Lidar_fishnet_GKOT_b_13,GroupName,-1,-1;PRODUCTNAME "ProductName" true true false 50 Text 0 0 ,First,#,D:\Delo\2015\2015_03_15_Lidar_objava\Fishnet.gdb\Lidar_fishnet_GKOT_b_13,ProductName,-1,-1;CENTERX "CenterX" true true false 8 Double 8 38 ,First,#,D:\Delo\2015\2015_03_15_Lidar_objava\Fishnet.gdb\Lidar_fishnet_GKOT_b_13,CenterX,-1,-1;CENTERY "CenterY" true true false 8 Double 8 38 ,First,#,D:\Delo\2015\2015_03_15_Lidar_objava\Fishnet.gdb\Lidar_fishnet_GKOT_b_13,CenterY,-1,-1;ZORDER "ZOrder" true true false 4 Long 0 10 ,First,#,D:\Delo\2015\2015_03_15_Lidar_objava\Fishnet.gdb\Lidar_fishnet_GKOT_b_13,ZOrder,-1,-1;TYPEID "Raster Type ID" true true false 4 Long 0 10 ,First,#,D:\Delo\2015\2015_03_15_Lidar_objava\Fishnet.gdb\Lidar_fishnet_GKOT_b_13,TypeID,-1,-1;ITEMTS "ItemTS" true true false 8 Double 8 38 ,First,#,D:\Delo\2015\2015_03_15_Lidar_objava\Fishnet.gdb\Lidar_fishnet_GKOT_b_13,ItemTS,-1,-1;URIHASH "UriHash" true true false 50 Text 0 0 ,First,#,D:\Delo\2015\2015_03_15_Lidar_objava\Fishnet.gdb\Lidar_fishnet_GKOT_b_13,UriHash,-1,-1;VERSION "Version" true true false 20 Text 0 0 ,First,#,D:\Delo\2015\2015_03_15_Lidar_objava\Fishnet.gdb\Lidar_fishnet_GKOT_b_13,Version,-1,-1;POINTCOUNT "Point Count" true true false 8 Double 8 38 ,First,#,D:\Delo\2015\2015_03_15_Lidar_objava\Fishnet.gdb\Lidar_fishnet_GKOT_b_13,PointCount,-1,-1;POINTSPACING "Point Spacing" true true false 8 Double 8 38 ,First,#,D:\Delo\2015\2015_03_15_Lidar_objava\Fishnet.gdb\Lidar_fishnet_GKOT_b_13,PointSpacing,-1,-1;ZMIN "ZMin" true true false 8 Double 8 38 ,First,#,D:\Delo\2015\2015_03_15_Lidar_objava\Fishnet.gdb\Lidar_fishnet_GKOT_b_13,ZMin,-1,-1;ZMAX "ZMax" true true false 8 Double 8 38 ,First,#,D:\Delo\2015\2015_03_15_Lidar_objava\Fishnet.gdb\Lidar_fishnet_GKOT_b_13,ZMax,-1,-1;BLOK "BLOK" true true false 50 Text 0 0 ,First,#,D:\Delo\2015\2015_03_15_Lidar_objava\Fishnet.gdb\Lidar_fishnet_GKOT_b_13,BLOK,-1,-1;RASTER "Raster" true true false 4 Long 0 0 ,First,#,D:\Delo\2015\2015_03_15_Lidar_objava\Fishnet.gdb\Lidar_fishnet_GKOT_b_13,Raster,-1,-1;DATUM_SNEM "DATUM_SNEM" true true false 256 Text 0 0 ,First,#,D:\Delo\2015\2015_03_15_Lidar_objava\Fishnet.gdb\Lidar_fishnet_GKOT_b_13,DATUM_SNEM,-1,-1;SHAPE.AREA "SHAPE.AREA" false false true 0 Double 0 0 ,First,#;SHAPE.LEN "SHAPE.LEN" false false true 0 Double 0 0 ,First,#" #</Process><Process ToolSource="c:\program files (x86)\arcgis\desktop10.1\ArcToolbox\Toolboxes\Data Management Tools.tbx\Append" Date="20150723" Time="103519">Append Lidar_fishnet_GKOT_b_31;Lidar_fishnet_GKOT_b_26;Lidar_fishnet_GKOT_b_22 "GK 48\ARSO.LIDAR_FISHNET" NO_TEST "NAME "Name" true true false 50 Text 0 0 ,First,#,D:\Delo\2015\2015_03_15_Lidar_objava\Fishnet.gdb\Lidar_fishnet_GKOT_b_31,Name,-1,-1,D:\Delo\2015\2015_03_15_Lidar_objava\Fishnet.gdb\Lidar_fishnet_GKOT_b_26,Name,-1,-1,D:\Delo\2015\2015_03_15_Lidar_objava\Fishnet.gdb\Lidar_fishnet_GKOT_b_22,Name,-1,-1;MINPS "MinPS" true true false 8 Double 8 38 ,First,#,D:\Delo\2015\2015_03_15_Lidar_objava\Fishnet.gdb\Lidar_fishnet_GKOT_b_31,MinPS,-1,-1,D:\Delo\2015\2015_03_15_Lidar_objava\Fishnet.gdb\Lidar_fishnet_GKOT_b_26,MinPS,-1,-1,D:\Delo\2015\2015_03_15_Lidar_objava\Fishnet.gdb\Lidar_fishnet_GKOT_b_22,MinPS,-1,-1;MAXPS "MaxPS" true true false 8 Double 8 38 ,First,#,D:\Delo\2015\2015_03_15_Lidar_objava\Fishnet.gdb\Lidar_fishnet_GKOT_b_31,MaxPS,-1,-1,D:\Delo\2015\2015_03_15_Lidar_objava\Fishnet.gdb\Lidar_fishnet_GKOT_b_26,MaxPS,-1,-1,D:\Delo\2015\2015_03_15_Lidar_objava\Fishnet.gdb\Lidar_fishnet_GKOT_b_22,MaxPS,-1,-1;LOWPS "LowPS" true true false 8 Double 8 38 ,First,#,D:\Delo\2015\2015_03_15_Lidar_objava\Fishnet.gdb\Lidar_fishnet_GKOT_b_31,LowPS,-1,-1,D:\Delo\2015\2015_03_15_Lidar_objava\Fishnet.gdb\Lidar_fishnet_GKOT_b_26,LowPS,-1,-1,D:\Delo\2015\2015_03_15_Lidar_objava\Fishnet.gdb\Lidar_fishnet_GKOT_b_22,LowPS,-1,-1;HIGHPS "HighPS" true true false 8 Double 8 38 ,First,#,D:\Delo\2015\2015_03_15_Lidar_objava\Fishnet.gdb\Lidar_fishnet_GKOT_b_31,HighPS,-1,-1,D:\Delo\2015\2015_03_15_Lidar_objava\Fishnet.gdb\Lidar_fishnet_GKOT_b_26,HighPS,-1,-1,D:\Delo\2015\2015_03_15_Lidar_objava\Fishnet.gdb\Lidar_fishnet_GKOT_b_22,HighPS,-1,-1;CATEGORY "Category" true true false 4 Long 0 10 ,First,#,D:\Delo\2015\2015_03_15_Lidar_objava\Fishnet.gdb\Lidar_fishnet_GKOT_b_31,Category,-1,-1,D:\Delo\2015\2015_03_15_Lidar_objava\Fishnet.gdb\Lidar_fishnet_GKOT_b_26,Category,-1,-1,D:\Delo\2015\2015_03_15_Lidar_objava\Fishnet.gdb\Lidar_fishnet_GKOT_b_22,Category,-1,-1;TAG "Tag" true true false 20 Text 0 0 ,First,#,D:\Delo\2015\2015_03_15_Lidar_objava\Fishnet.gdb\Lidar_fishnet_GKOT_b_31,Tag,-1,-1,D:\Delo\2015\2015_03_15_Lidar_objava\Fishnet.gdb\Lidar_fishnet_GKOT_b_26,Tag,-1,-1,D:\Delo\2015\2015_03_15_Lidar_objava\Fishnet.gdb\Lidar_fishnet_GKOT_b_22,Tag,-1,-1;GROUPNAME "GroupName" true true false 50 Text 0 0 ,First,#,D:\Delo\2015\2015_03_15_Lidar_objava\Fishnet.gdb\Lidar_fishnet_GKOT_b_31,GroupName,-1,-1,D:\Delo\2015\2015_03_15_Lidar_objava\Fishnet.gdb\Lidar_fishnet_GKOT_b_26,GroupName,-1,-1,D:\Delo\2015\2015_03_15_Lidar_objava\Fishnet.gdb\Lidar_fishnet_GKOT_b_22,GroupName,-1,-1;PRODUCTNAME "ProductName" true true false 50 Text 0 0 ,First,#,D:\Delo\2015\2015_03_15_Lidar_objava\Fishnet.gdb\Lidar_fishnet_GKOT_b_31,ProductName,-1,-1,D:\Delo\2015\2015_03_15_Lidar_objava\Fishnet.gdb\Lidar_fishnet_GKOT_b_26,ProductName,-1,-1,D:\Delo\2015\2015_03_15_Lidar_objava\Fishnet.gdb\Lidar_fishnet_GKOT_b_22,ProductName,-1,-1;CENTERX "CenterX" true true false 8 Double 8 38 ,First,#,D:\Delo\2015\2015_03_15_Lidar_objava\Fishnet.gdb\Lidar_fishnet_GKOT_b_31,CenterX,-1,-1,D:\Delo\2015\2015_03_15_Lidar_objava\Fishnet.gdb\Lidar_fishnet_GKOT_b_26,CenterX,-1,-1,D:\Delo\2015\2015_03_15_Lidar_objava\Fishnet.gdb\Lidar_fishnet_GKOT_b_22,CenterX,-1,-1;CENTERY "CenterY" true true false 8 Double 8 38 ,First,#,D:\Delo\2015\2015_03_15_Lidar_objava\Fishnet.gdb\Lidar_fishnet_GKOT_b_31,CenterY,-1,-1,D:\Delo\2015\2015_03_15_Lidar_objava\Fishnet.gdb\Lidar_fishnet_GKOT_b_26,CenterY,-1,-1,D:\Delo\2015\2015_03_15_Lidar_objava\Fishnet.gdb\Lidar_fishnet_GKOT_b_22,CenterY,-1,-1;ZORDER "ZOrder" true true false 4 Long 0 10 ,First,#,D:\Delo\2015\2015_03_15_Lidar_objava\Fishnet.gdb\Lidar_fishnet_GKOT_b_31,ZOrder,-1,-1,D:\Delo\2015\2015_03_15_Lidar_objava\Fishnet.gdb\Lidar_fishnet_GKOT_b_26,ZOrder,-1,-1,D:\Delo\2015\2015_03_15_Lidar_objava\Fishnet.gdb\Lidar_fishnet_GKOT_b_22,ZOrder,-1,-1;TYPEID "Raster Type ID" true true false 4 Long 0 10 ,First,#,D:\Delo\2015\2015_03_15_Lidar_objava\Fishnet.gdb\Lidar_fishnet_GKOT_b_31,TypeID,-1,-1,D:\Delo\2015\2015_03_15_Lidar_objava\Fishnet.gdb\Lidar_fishnet_GKOT_b_26,TypeID,-1,-1,D:\Delo\2015\2015_03_15_Lidar_objava\Fishnet.gdb\Lidar_fishnet_GKOT_b_22,TypeID,-1,-1;ITEMTS "ItemTS" true true false 8 Double 8 38 ,First,#,D:\Delo\2015\2015_03_15_Lidar_objava\Fishnet.gdb\Lidar_fishnet_GKOT_b_31,ItemTS,-1,-1,D:\Delo\2015\2015_03_15_Lidar_objava\Fishnet.gdb\Lidar_fishnet_GKOT_b_26,ItemTS,-1,-1,D:\Delo\2015\2015_03_15_Lidar_objava\Fishnet.gdb\Lidar_fishnet_GKOT_b_22,ItemTS,-1,-1;URIHASH "UriHash" true true false 50 Text 0 0 ,First,#,D:\Delo\2015\2015_03_15_Lidar_objava\Fishnet.gdb\Lidar_fishnet_GKOT_b_31,UriHash,-1,-1,D:\Delo\2015\2015_03_15_Lidar_objava\Fishnet.gdb\Lidar_fishnet_GKOT_b_26,UriHash,-1,-1,D:\Delo\2015\2015_03_15_Lidar_objava\Fishnet.gdb\Lidar_fishnet_GKOT_b_22,UriHash,-1,-1;VERSION "Version" true true false 20 Text 0 0 ,First,#,D:\Delo\2015\2015_03_15_Lidar_objava\Fishnet.gdb\Lidar_fishnet_GKOT_b_31,Version,-1,-1,D:\Delo\2015\2015_03_15_Lidar_objava\Fishnet.gdb\Lidar_fishnet_GKOT_b_26,Version,-1,-1,D:\Delo\2015\2015_03_15_Lidar_objava\Fishnet.gdb\Lidar_fishnet_GKOT_b_22,Version,-1,-1;POINTCOUNT "Point Count" true true false 8 Double 8 38 ,First,#,D:\Delo\2015\2015_03_15_Lidar_objava\Fishnet.gdb\Lidar_fishnet_GKOT_b_31,PointCount,-1,-1,D:\Delo\2015\2015_03_15_Lidar_objava\Fishnet.gdb\Lidar_fishnet_GKOT_b_26,PointCount,-1,-1,D:\Delo\2015\2015_03_15_Lidar_objava\Fishnet.gdb\Lidar_fishnet_GKOT_b_22,PointCount,-1,-1;POINTSPACING "Point Spacing" true true false 8 Double 8 38 ,First,#,D:\Delo\2015\2015_03_15_Lidar_objava\Fishnet.gdb\Lidar_fishnet_GKOT_b_31,PointSpacing,-1,-1,D:\Delo\2015\2015_03_15_Lidar_objava\Fishnet.gdb\Lidar_fishnet_GKOT_b_26,PointSpacing,-1,-1,D:\Delo\2015\2015_03_15_Lidar_objava\Fishnet.gdb\Lidar_fishnet_GKOT_b_22,PointSpacing,-1,-1;ZMIN "ZMin" true true false 8 Double 8 38 ,First,#,D:\Delo\2015\2015_03_15_Lidar_objava\Fishnet.gdb\Lidar_fishnet_GKOT_b_31,ZMin,-1,-1,D:\Delo\2015\2015_03_15_Lidar_objava\Fishnet.gdb\Lidar_fishnet_GKOT_b_26,ZMin,-1,-1,D:\Delo\2015\2015_03_15_Lidar_objava\Fishnet.gdb\Lidar_fishnet_GKOT_b_22,ZMin,-1,-1;ZMAX "ZMax" true true false 8 Double 8 38 ,First,#,D:\Delo\2015\2015_03_15_Lidar_objava\Fishnet.gdb\Lidar_fishnet_GKOT_b_31,ZMax,-1,-1,D:\Delo\2015\2015_03_15_Lidar_objava\Fishnet.gdb\Lidar_fishnet_GKOT_b_26,ZMax,-1,-1,D:\Delo\2015\2015_03_15_Lidar_objava\Fishnet.gdb\Lidar_fishnet_GKOT_b_22,ZMax,-1,-1;BLOK "BLOK" true true false 50 Text 0 0 ,First,#,D:\Delo\2015\2015_03_15_Lidar_objava\Fishnet.gdb\Lidar_fishnet_GKOT_b_31,BLOK,-1,-1,D:\Delo\2015\2015_03_15_Lidar_objava\Fishnet.gdb\Lidar_fishnet_GKOT_b_26,BLOK,-1,-1,D:\Delo\2015\2015_03_15_Lidar_objava\Fishnet.gdb\Lidar_fishnet_GKOT_b_22,BLOK,-1,-1;RASTER "Raster" true true false 4 Long 0 0 ,First,#,D:\Delo\2015\2015_03_15_Lidar_objava\Fishnet.gdb\Lidar_fishnet_GKOT_b_31,Raster,-1,-1,D:\Delo\2015\2015_03_15_Lidar_objava\Fishnet.gdb\Lidar_fishnet_GKOT_b_26,Raster,-1,-1,D:\Delo\2015\2015_03_15_Lidar_objava\Fishnet.gdb\Lidar_fishnet_GKOT_b_22,Raster,-1,-1;DATUM_SNEM "DATUM_SNEM" true true false 256 Text 0 0 ,First,#,D:\Delo\2015\2015_03_15_Lidar_objava\Fishnet.gdb\Lidar_fishnet_GKOT_b_31,DATUM_SNEM,-1,-1,D:\Delo\2015\2015_03_15_Lidar_objava\Fishnet.gdb\Lidar_fishnet_GKOT_b_26,DATUM_SNEM,-1,-1,D:\Delo\2015\2015_03_15_Lidar_objava\Fishnet.gdb\Lidar_fishnet_GKOT_b_22,DATUM_SNEM,-1,-1;SHAPE.AREA "SHAPE.AREA" false false true 0 Double 0 0 ,First,#;SHAPE.LEN "SHAPE.LEN" false false true 0 Double 0 0 ,First,#" #</Process><Process ToolSource="c:\program files (x86)\arcgis\desktop10.1\ArcToolbox\Toolboxes\Data Management Tools.tbx\Append" Date="20150824" Time="105529">Append Lidar_fishnet_GKOT_b_36 ARSO.LIDAR_FISHNET NO_TEST "NAME "Name" true true false 50 Text 0 0 ,First,#,D:\Delo\2015\2015_03_15_Lidar_objava\Fishnet.gdb\Lidar_fishnet_GKOT_b_36,Name,-1,-1;MINPS "MinPS" true true false 8 Double 8 38 ,First,#,D:\Delo\2015\2015_03_15_Lidar_objava\Fishnet.gdb\Lidar_fishnet_GKOT_b_36,MinPS,-1,-1;MAXPS "MaxPS" true true false 8 Double 8 38 ,First,#,D:\Delo\2015\2015_03_15_Lidar_objava\Fishnet.gdb\Lidar_fishnet_GKOT_b_36,MaxPS,-1,-1;LOWPS "LowPS" true true false 8 Double 8 38 ,First,#,D:\Delo\2015\2015_03_15_Lidar_objava\Fishnet.gdb\Lidar_fishnet_GKOT_b_36,LowPS,-1,-1;HIGHPS "HighPS" true true false 8 Double 8 38 ,First,#,D:\Delo\2015\2015_03_15_Lidar_objava\Fishnet.gdb\Lidar_fishnet_GKOT_b_36,HighPS,-1,-1;CATEGORY "Category" true true false 4 Long 0 10 ,First,#,D:\Delo\2015\2015_03_15_Lidar_objava\Fishnet.gdb\Lidar_fishnet_GKOT_b_36,Category,-1,-1;TAG "Tag" true true false 20 Text 0 0 ,First,#,D:\Delo\2015\2015_03_15_Lidar_objava\Fishnet.gdb\Lidar_fishnet_GKOT_b_36,Tag,-1,-1;GROUPNAME "GroupName" true true false 50 Text 0 0 ,First,#,D:\Delo\2015\2015_03_15_Lidar_objava\Fishnet.gdb\Lidar_fishnet_GKOT_b_36,GroupName,-1,-1;PRODUCTNAME "ProductName" true true false 50 Text 0 0 ,First,#,D:\Delo\2015\2015_03_15_Lidar_objava\Fishnet.gdb\Lidar_fishnet_GKOT_b_36,ProductName,-1,-1;CENTERX "CenterX" true true false 8 Double 8 38 ,First,#,D:\Delo\2015\2015_03_15_Lidar_objava\Fishnet.gdb\Lidar_fishnet_GKOT_b_36,CenterX,-1,-1;CENTERY "CenterY" true true false 8 Double 8 38 ,First,#,D:\Delo\2015\2015_03_15_Lidar_objava\Fishnet.gdb\Lidar_fishnet_GKOT_b_36,CenterY,-1,-1;ZORDER "ZOrder" true true false 4 Long 0 10 ,First,#,D:\Delo\2015\2015_03_15_Lidar_objava\Fishnet.gdb\Lidar_fishnet_GKOT_b_36,ZOrder,-1,-1;TYPEID "Raster Type ID" true true false 4 Long 0 10 ,First,#,D:\Delo\2015\2015_03_15_Lidar_objava\Fishnet.gdb\Lidar_fishnet_GKOT_b_36,TypeID,-1,-1;ITEMTS "ItemTS" true true false 8 Double 8 38 ,First,#,D:\Delo\2015\2015_03_15_Lidar_objava\Fishnet.gdb\Lidar_fishnet_GKOT_b_36,ItemTS,-1,-1;URIHASH "UriHash" true true false 50 Text 0 0 ,First,#,D:\Delo\2015\2015_03_15_Lidar_objava\Fishnet.gdb\Lidar_fishnet_GKOT_b_36,UriHash,-1,-1;VERSION "Version" true true false 20 Text 0 0 ,First,#,D:\Delo\2015\2015_03_15_Lidar_objava\Fishnet.gdb\Lidar_fishnet_GKOT_b_36,Version,-1,-1;POINTCOUNT "Point Count" true true false 8 Double 8 38 ,First,#,D:\Delo\2015\2015_03_15_Lidar_objava\Fishnet.gdb\Lidar_fishnet_GKOT_b_36,PointCount,-1,-1;POINTSPACING "Point Spacing" true true false 8 Double 8 38 ,First,#,D:\Delo\2015\2015_03_15_Lidar_objava\Fishnet.gdb\Lidar_fishnet_GKOT_b_36,PointSpacing,-1,-1;ZMIN "ZMin" true true false 8 Double 8 38 ,First,#,D:\Delo\2015\2015_03_15_Lidar_objava\Fishnet.gdb\Lidar_fishnet_GKOT_b_36,ZMin,-1,-1;ZMAX "ZMax" true true false 8 Double 8 38 ,First,#,D:\Delo\2015\2015_03_15_Lidar_objava\Fishnet.gdb\Lidar_fishnet_GKOT_b_36,ZMax,-1,-1;BLOK "BLOK" true true false 50 Text 0 0 ,First,#,D:\Delo\2015\2015_03_15_Lidar_objava\Fishnet.gdb\Lidar_fishnet_GKOT_b_36,BLOK,-1,-1;RASTER "Raster" true true false 4 Long 0 0 ,First,#,D:\Delo\2015\2015_03_15_Lidar_objava\Fishnet.gdb\Lidar_fishnet_GKOT_b_36,Raster,-1,-1;DATUM_SNEM "DATUM_SNEM" true true false 256 Text 0 0 ,First,#,D:\Delo\2015\2015_03_15_Lidar_objava\Fishnet.gdb\Lidar_fishnet_GKOT_b_36,DATUM_SNEM,-1,-1;SHAPE.AREA "SHAPE.AREA" false false true 0 Double 0 0 ,First,#;SHAPE.LEN "SHAPE.LEN" false false true 0 Double 0 0 ,First,#" #</Process><Process ToolSource="c:\program files (x86)\arcgis\desktop10.1\ArcToolbox\Toolboxes\Data Management Tools.tbx\Append" Date="20150825" Time="134355">Append Lidar_fishnet_GKOT_b_32 ARSO.LIDAR_FISHNET NO_TEST "NAME "Name" true true false 50 Text 0 0 ,First,#,D:\Delo\2015\2015_03_15_Lidar_objava\Fishnet.gdb\Lidar_fishnet_GKOT_b_32,Name,-1,-1;MINPS "MinPS" true true false 8 Double 8 38 ,First,#,D:\Delo\2015\2015_03_15_Lidar_objava\Fishnet.gdb\Lidar_fishnet_GKOT_b_32,MinPS,-1,-1;MAXPS "MaxPS" true true false 8 Double 8 38 ,First,#,D:\Delo\2015\2015_03_15_Lidar_objava\Fishnet.gdb\Lidar_fishnet_GKOT_b_32,MaxPS,-1,-1;LOWPS "LowPS" true true false 8 Double 8 38 ,First,#,D:\Delo\2015\2015_03_15_Lidar_objava\Fishnet.gdb\Lidar_fishnet_GKOT_b_32,LowPS,-1,-1;HIGHPS "HighPS" true true false 8 Double 8 38 ,First,#,D:\Delo\2015\2015_03_15_Lidar_objava\Fishnet.gdb\Lidar_fishnet_GKOT_b_32,HighPS,-1,-1;CATEGORY "Category" true true false 4 Long 0 10 ,First,#,D:\Delo\2015\2015_03_15_Lidar_objava\Fishnet.gdb\Lidar_fishnet_GKOT_b_32,Category,-1,-1;TAG "Tag" true true false 20 Text 0 0 ,First,#,D:\Delo\2015\2015_03_15_Lidar_objava\Fishnet.gdb\Lidar_fishnet_GKOT_b_32,Tag,-1,-1;GROUPNAME "GroupName" true true false 50 Text 0 0 ,First,#,D:\Delo\2015\2015_03_15_Lidar_objava\Fishnet.gdb\Lidar_fishnet_GKOT_b_32,GroupName,-1,-1;PRODUCTNAME "ProductName" true true false 50 Text 0 0 ,First,#,D:\Delo\2015\2015_03_15_Lidar_objava\Fishnet.gdb\Lidar_fishnet_GKOT_b_32,ProductName,-1,-1;CENTERX "CenterX" true true false 8 Double 8 38 ,First,#,D:\Delo\2015\2015_03_15_Lidar_objava\Fishnet.gdb\Lidar_fishnet_GKOT_b_32,CenterX,-1,-1;CENTERY "CenterY" true true false 8 Double 8 38 ,First,#,D:\Delo\2015\2015_03_15_Lidar_objava\Fishnet.gdb\Lidar_fishnet_GKOT_b_32,CenterY,-1,-1;ZORDER "ZOrder" true true false 4 Long 0 10 ,First,#,D:\Delo\2015\2015_03_15_Lidar_objava\Fishnet.gdb\Lidar_fishnet_GKOT_b_32,ZOrder,-1,-1;TYPEID "Raster Type ID" true true false 4 Long 0 10 ,First,#,D:\Delo\2015\2015_03_15_Lidar_objava\Fishnet.gdb\Lidar_fishnet_GKOT_b_32,TypeID,-1,-1;ITEMTS "ItemTS" true true false 8 Double 8 38 ,First,#,D:\Delo\2015\2015_03_15_Lidar_objava\Fishnet.gdb\Lidar_fishnet_GKOT_b_32,ItemTS,-1,-1;URIHASH "UriHash" true true false 50 Text 0 0 ,First,#,D:\Delo\2015\2015_03_15_Lidar_objava\Fishnet.gdb\Lidar_fishnet_GKOT_b_32,UriHash,-1,-1;VERSION "Version" true true false 20 Text 0 0 ,First,#,D:\Delo\2015\2015_03_15_Lidar_objava\Fishnet.gdb\Lidar_fishnet_GKOT_b_32,Version,-1,-1;POINTCOUNT "Point Count" true true false 8 Double 8 38 ,First,#,D:\Delo\2015\2015_03_15_Lidar_objava\Fishnet.gdb\Lidar_fishnet_GKOT_b_32,PointCount,-1,-1;POINTSPACING "Point Spacing" true true false 8 Double 8 38 ,First,#,D:\Delo\2015\2015_03_15_Lidar_objava\Fishnet.gdb\Lidar_fishnet_GKOT_b_32,PointSpacing,-1,-1;ZMIN "ZMin" true true false 8 Double 8 38 ,First,#,D:\Delo\2015\2015_03_15_Lidar_objava\Fishnet.gdb\Lidar_fishnet_GKOT_b_32,ZMin,-1,-1;ZMAX "ZMax" true true false 8 Double 8 38 ,First,#,D:\Delo\2015\2015_03_15_Lidar_objava\Fishnet.gdb\Lidar_fishnet_GKOT_b_32,ZMax,-1,-1;BLOK "BLOK" true true false 50 Text 0 0 ,First,#,D:\Delo\2015\2015_03_15_Lidar_objava\Fishnet.gdb\Lidar_fishnet_GKOT_b_32,BLOK,-1,-1;RASTER "Raster" true true false 4 Long 0 0 ,First,#,D:\Delo\2015\2015_03_15_Lidar_objava\Fishnet.gdb\Lidar_fishnet_GKOT_b_32,Raster,-1,-1;DATUM_SNEM "DATUM_SNEM" true true false 256 Text 0 0 ,First,#,D:\Delo\2015\2015_03_15_Lidar_objava\Fishnet.gdb\Lidar_fishnet_GKOT_b_32,DATUM_SNEM,-1,-1;SHAPE.AREA "SHAPE.AREA" false false true 0 Double 0 0 ,First,#;SHAPE.LEN "SHAPE.LEN" false false true 0 Double 0 0 ,First,#" #</Process><Process ToolSource="c:\program files (x86)\arcgis\desktop10.1\ArcToolbox\Toolboxes\Data Management Tools.tbx\Append" Date="20150902" Time="150550">Append 33\Lidar_fishnet_GKOT_b_33;37\Lidar_fishnet_GKOT_b_37;35\Lidar_fishnet_GKOT_b_35 ARSO.LIDAR_FISHNET NO_TEST "NAME "Name" true true false 50 Text 0 0 ,First,#,D:\Delo\2015\2015_03_15_Lidar_objava\Fishnet.gdb\Lidar_fishnet_GKOT_b_33,Name,-1,-1,D:\Delo\2015\2015_03_15_Lidar_objava\Fishnet.gdb\Lidar_fishnet_GKOT_b_37,Name,-1,-1,D:\Delo\2015\2015_03_15_Lidar_objava\Fishnet.gdb\Lidar_fishnet_GKOT_b_35,Name,-1,-1;MINPS "MinPS" true true false 8 Double 8 38 ,First,#,D:\Delo\2015\2015_03_15_Lidar_objava\Fishnet.gdb\Lidar_fishnet_GKOT_b_33,MinPS,-1,-1,D:\Delo\2015\2015_03_15_Lidar_objava\Fishnet.gdb\Lidar_fishnet_GKOT_b_37,MinPS,-1,-1,D:\Delo\2015\2015_03_15_Lidar_objava\Fishnet.gdb\Lidar_fishnet_GKOT_b_35,MinPS,-1,-1;MAXPS "MaxPS" true true false 8 Double 8 38 ,First,#,D:\Delo\2015\2015_03_15_Lidar_objava\Fishnet.gdb\Lidar_fishnet_GKOT_b_33,MaxPS,-1,-1,D:\Delo\2015\2015_03_15_Lidar_objava\Fishnet.gdb\Lidar_fishnet_GKOT_b_37,MaxPS,-1,-1,D:\Delo\2015\2015_03_15_Lidar_objava\Fishnet.gdb\Lidar_fishnet_GKOT_b_35,MaxPS,-1,-1;LOWPS "LowPS" true true false 8 Double 8 38 ,First,#,D:\Delo\2015\2015_03_15_Lidar_objava\Fishnet.gdb\Lidar_fishnet_GKOT_b_33,LowPS,-1,-1,D:\Delo\2015\2015_03_15_Lidar_objava\Fishnet.gdb\Lidar_fishnet_GKOT_b_37,LowPS,-1,-1,D:\Delo\2015\2015_03_15_Lidar_objava\Fishnet.gdb\Lidar_fishnet_GKOT_b_35,LowPS,-1,-1;HIGHPS "HighPS" true true false 8 Double 8 38 ,First,#,D:\Delo\2015\2015_03_15_Lidar_objava\Fishnet.gdb\Lidar_fishnet_GKOT_b_33,HighPS,-1,-1,D:\Delo\2015\2015_03_15_Lidar_objava\Fishnet.gdb\Lidar_fishnet_GKOT_b_37,HighPS,-1,-1,D:\Delo\2015\2015_03_15_Lidar_objava\Fishnet.gdb\Lidar_fishnet_GKOT_b_35,HighPS,-1,-1;CATEGORY "Category" true true false 4 Long 0 10 ,First,#,D:\Delo\2015\2015_03_15_Lidar_objava\Fishnet.gdb\Lidar_fishnet_GKOT_b_33,Category,-1,-1,D:\Delo\2015\2015_03_15_Lidar_objava\Fishnet.gdb\Lidar_fishnet_GKOT_b_37,Category,-1,-1,D:\Delo\2015\2015_03_15_Lidar_objava\Fishnet.gdb\Lidar_fishnet_GKOT_b_35,Category,-1,-1;TAG "Tag" true true false 20 Text 0 0 ,First,#,D:\Delo\2015\2015_03_15_Lidar_objava\Fishnet.gdb\Lidar_fishnet_GKOT_b_33,Tag,-1,-1,D:\Delo\2015\2015_03_15_Lidar_objava\Fishnet.gdb\Lidar_fishnet_GKOT_b_37,Tag,-1,-1,D:\Delo\2015\2015_03_15_Lidar_objava\Fishnet.gdb\Lidar_fishnet_GKOT_b_35,Tag,-1,-1;GROUPNAME "GroupName" true true false 50 Text 0 0 ,First,#,D:\Delo\2015\2015_03_15_Lidar_objava\Fishnet.gdb\Lidar_fishnet_GKOT_b_33,GroupName,-1,-1,D:\Delo\2015\2015_03_15_Lidar_objava\Fishnet.gdb\Lidar_fishnet_GKOT_b_37,GroupName,-1,-1,D:\Delo\2015\2015_03_15_Lidar_objava\Fishnet.gdb\Lidar_fishnet_GKOT_b_35,GroupName,-1,-1;PRODUCTNAME "ProductName" true true false 50 Text 0 0 ,First,#,D:\Delo\2015\2015_03_15_Lidar_objava\Fishnet.gdb\Lidar_fishnet_GKOT_b_33,ProductName,-1,-1,D:\Delo\2015\2015_03_15_Lidar_objava\Fishnet.gdb\Lidar_fishnet_GKOT_b_37,ProductName,-1,-1,D:\Delo\2015\2015_03_15_Lidar_objava\Fishnet.gdb\Lidar_fishnet_GKOT_b_35,ProductName,-1,-1;CENTERX "CenterX" true true false 8 Double 8 38 ,First,#,D:\Delo\2015\2015_03_15_Lidar_objava\Fishnet.gdb\Lidar_fishnet_GKOT_b_33,CenterX,-1,-1,D:\Delo\2015\2015_03_15_Lidar_objava\Fishnet.gdb\Lidar_fishnet_GKOT_b_37,CenterX,-1,-1,D:\Delo\2015\2015_03_15_Lidar_objava\Fishnet.gdb\Lidar_fishnet_GKOT_b_35,CenterX,-1,-1;CENTERY "CenterY" true true false 8 Double 8 38 ,First,#,D:\Delo\2015\2015_03_15_Lidar_objava\Fishnet.gdb\Lidar_fishnet_GKOT_b_33,CenterY,-1,-1,D:\Delo\2015\2015_03_15_Lidar_objava\Fishnet.gdb\Lidar_fishnet_GKOT_b_37,CenterY,-1,-1,D:\Delo\2015\2015_03_15_Lidar_objava\Fishnet.gdb\Lidar_fishnet_GKOT_b_35,CenterY,-1,-1;ZORDER "ZOrder" true true false 4 Long 0 10 ,First,#,D:\Delo\2015\2015_03_15_Lidar_objava\Fishnet.gdb\Lidar_fishnet_GKOT_b_33,ZOrder,-1,-1,D:\Delo\2015\2015_03_15_Lidar_objava\Fishnet.gdb\Lidar_fishnet_GKOT_b_37,ZOrder,-1,-1,D:\Delo\2015\2015_03_15_Lidar_objava\Fishnet.gdb\Lidar_fishnet_GKOT_b_35,ZOrder,-1,-1;TYPEID "Raster Type ID" true true false 4 Long 0 10 ,First,#,D:\Delo\2015\2015_03_15_Lidar_objava\Fishnet.gdb\Lidar_fishnet_GKOT_b_33,TypeID,-1,-1,D:\Delo\2015\2015_03_15_Lidar_objava\Fishnet.gdb\Lidar_fishnet_GKOT_b_37,TypeID,-1,-1,D:\Delo\2015\2015_03_15_Lidar_objava\Fishnet.gdb\Lidar_fishnet_GKOT_b_35,TypeID,-1,-1;ITEMTS "ItemTS" true true false 8 Double 8 38 ,First,#,D:\Delo\2015\2015_03_15_Lidar_objava\Fishnet.gdb\Lidar_fishnet_GKOT_b_33,ItemTS,-1,-1,D:\Delo\2015\2015_03_15_Lidar_objava\Fishnet.gdb\Lidar_fishnet_GKOT_b_37,ItemTS,-1,-1,D:\Delo\2015\2015_03_15_Lidar_objava\Fishnet.gdb\Lidar_fishnet_GKOT_b_35,ItemTS,-1,-1;URIHASH "UriHash" true true false 50 Text 0 0 ,First,#,D:\Delo\2015\2015_03_15_Lidar_objava\Fishnet.gdb\Lidar_fishnet_GKOT_b_33,UriHash,-1,-1,D:\Delo\2015\2015_03_15_Lidar_objava\Fishnet.gdb\Lidar_fishnet_GKOT_b_37,UriHash,-1,-1,D:\Delo\2015\2015_03_15_Lidar_objava\Fishnet.gdb\Lidar_fishnet_GKOT_b_35,UriHash,-1,-1;VERSION "Version" true true false 20 Text 0 0 ,First,#,D:\Delo\2015\2015_03_15_Lidar_objava\Fishnet.gdb\Lidar_fishnet_GKOT_b_33,Version,-1,-1,D:\Delo\2015\2015_03_15_Lidar_objava\Fishnet.gdb\Lidar_fishnet_GKOT_b_37,Version,-1,-1,D:\Delo\2015\2015_03_15_Lidar_objava\Fishnet.gdb\Lidar_fishnet_GKOT_b_35,Version,-1,-1;POINTCOUNT "Point Count" true true false 8 Double 8 38 ,First,#,D:\Delo\2015\2015_03_15_Lidar_objava\Fishnet.gdb\Lidar_fishnet_GKOT_b_33,PointCount,-1,-1,D:\Delo\2015\2015_03_15_Lidar_objava\Fishnet.gdb\Lidar_fishnet_GKOT_b_37,PointCount,-1,-1,D:\Delo\2015\2015_03_15_Lidar_objava\Fishnet.gdb\Lidar_fishnet_GKOT_b_35,PointCount,-1,-1;POINTSPACING "Point Spacing" true true false 8 Double 8 38 ,First,#,D:\Delo\2015\2015_03_15_Lidar_objava\Fishnet.gdb\Lidar_fishnet_GKOT_b_33,PointSpacing,-1,-1,D:\Delo\2015\2015_03_15_Lidar_objava\Fishnet.gdb\Lidar_fishnet_GKOT_b_37,PointSpacing,-1,-1,D:\Delo\2015\2015_03_15_Lidar_objava\Fishnet.gdb\Lidar_fishnet_GKOT_b_35,PointSpacing,-1,-1;ZMIN "ZMin" true true false 8 Double 8 38 ,First,#,D:\Delo\2015\2015_03_15_Lidar_objava\Fishnet.gdb\Lidar_fishnet_GKOT_b_33,ZMin,-1,-1,D:\Delo\2015\2015_03_15_Lidar_objava\Fishnet.gdb\Lidar_fishnet_GKOT_b_37,ZMin,-1,-1,D:\Delo\2015\2015_03_15_Lidar_objava\Fishnet.gdb\Lidar_fishnet_GKOT_b_35,ZMin,-1,-1;ZMAX "ZMax" true true false 8 Double 8 38 ,First,#,D:\Delo\2015\2015_03_15_Lidar_objava\Fishnet.gdb\Lidar_fishnet_GKOT_b_33,ZMax,-1,-1,D:\Delo\2015\2015_03_15_Lidar_objava\Fishnet.gdb\Lidar_fishnet_GKOT_b_37,ZMax,-1,-1,D:\Delo\2015\2015_03_15_Lidar_objava\Fishnet.gdb\Lidar_fishnet_GKOT_b_35,ZMax,-1,-1;BLOK "BLOK" true true false 50 Text 0 0 ,First,#,D:\Delo\2015\2015_03_15_Lidar_objava\Fishnet.gdb\Lidar_fishnet_GKOT_b_33,BLOK,-1,-1,D:\Delo\2015\2015_03_15_Lidar_objava\Fishnet.gdb\Lidar_fishnet_GKOT_b_37,BLOK,-1,-1,D:\Delo\2015\2015_03_15_Lidar_objava\Fishnet.gdb\Lidar_fishnet_GKOT_b_35,BLOK,-1,-1;RASTER "Raster" true true false 4 Long 0 0 ,First,#,D:\Delo\2015\2015_03_15_Lidar_objava\Fishnet.gdb\Lidar_fishnet_GKOT_b_33,Raster,-1,-1,D:\Delo\2015\2015_03_15_Lidar_objava\Fishnet.gdb\Lidar_fishnet_GKOT_b_37,Raster,-1,-1,D:\Delo\2015\2015_03_15_Lidar_objava\Fishnet.gdb\Lidar_fishnet_GKOT_b_35,Raster,-1,-1;DATUM_SNEM "DATUM_SNEM" true true false 256 Text 0 0 ,First,#,D:\Delo\2015\2015_03_15_Lidar_objava\Fishnet.gdb\Lidar_fishnet_GKOT_b_33,DATUM_SNEM,-1,-1,D:\Delo\2015\2015_03_15_Lidar_objava\Fishnet.gdb\Lidar_fishnet_GKOT_b_37,DATUM_SNEM,-1,-1,D:\Delo\2015\2015_03_15_Lidar_objava\Fishnet.gdb\Lidar_fishnet_GKOT_b_35,DATUM_SNEM,-1,-1;SHAPE.AREA "SHAPE.AREA" false false true 0 Double 0 0 ,First,#;SHAPE.LEN "SHAPE.LEN" false false true 0 Double 0 0 ,First,#" #</Process></lineage><itemProps><itemName Sync="TRUE">ARSO.LIDAR_FISHNET_DMR1</itemName><imsContentType Sync="TRUE">002</imsContentType><itemLocation><linkage Sync="TRUE">Server=sde; Service=sde:oracle$sde:oracle11g:tajfun; User=arso; Version=SDE.DEFAULT</linkage><protocol Sync="TRUE">ArcSDE Connection</protocol></itemLocation></itemProps><coordRef><type Sync="TRUE">Projected</type><geogcsn Sync="TRUE">GCS_D48</geogcsn><csUnits Sync="TRUE">Linear Unit: Meter (1.000000)</csUnits><projcsn Sync="TRUE">D48_Slovenia_TM</projcsn><peXml Sync="TRUE">&lt;ProjectedCoordinateSystem xsi:type='typens:ProjectedCoordinateSystem' xmlns:xsi='http://www.w3.org/2001/XMLSchema-instance' xmlns:xs='http://www.w3.org/2001/XMLSchema' xmlns:typens='http://www.esri.com/schemas/ArcGIS/10.1'&gt;&lt;WKT&gt;PROJCS[&amp;quot;D48_Slovenia_TM&amp;quot;,GEOGCS[&amp;quot;GCS_D48&amp;quot;,DATUM[&amp;quot;D_D48&amp;quot;,SPHEROID[&amp;quot;Bessel_1841&amp;quot;,6377397.155,299.1528128]],PRIMEM[&amp;quot;Greenwich&amp;quot;,0.0],UNIT[&amp;quot;Degree&amp;quot;,0.0174532925199433]],PROJECTION[&amp;quot;Transverse_Mercator&amp;quot;],PARAMETER[&amp;quot;False_Easting&amp;quot;,500000.0],PARAMETER[&amp;quot;False_Northing&amp;quot;,-5000000.0],PARAMETER[&amp;quot;Central_Meridian&amp;quot;,15.0],PARAMETER[&amp;quot;Scale_Factor&amp;quot;,0.9999],PARAMETER[&amp;quot;Latitude_Of_Origin&amp;quot;,0.0],UNIT[&amp;quot;Meter&amp;quot;,1.0],AUTHORITY[&amp;quot;ESRI&amp;quot;,102060]]&lt;/WKT&gt;&lt;XOrigin&gt;-5121900&lt;/XOrigin&gt;&lt;YOrigin&gt;-15000000&lt;/YOrigin&gt;&lt;XYScale&gt;10000&lt;/XYScale&gt;&lt;ZOrigin&gt;0&lt;/ZOrigin&gt;&lt;ZScale&gt;1&lt;/ZScale&gt;&lt;MOrigin&gt;0&lt;/MOrigin&gt;&lt;MScale&gt;1&lt;/MScale&gt;&lt;XYTolerance&gt;0.001&lt;/XYTolerance&gt;&lt;ZTolerance&gt;0.001&lt;/ZTolerance&gt;&lt;MTolerance&gt;0.001&lt;/MTolerance&gt;&lt;HighPrecision&gt;true&lt;/HighPrecision&gt;&lt;WKID&gt;102060&lt;/WKID&gt;&lt;LatestWKID&gt;102060&lt;/LatestWKID&gt;&lt;/ProjectedCoordinateSystem&gt;</peXml></coordRef></DataProperties><SyncDate>20150318</SyncDate><SyncTime>10513700</SyncTime><ModDate>20150318</ModDate><ModTime>10513700</ModTime><ArcGISstyle>FGDC CSDGM Metadata</ArcGISstyle></Esri><dataIdInfo><envirDesc Sync="TRUE"> Version 6.2 (Build 9200) ; Esri ArcGIS 10.1.0.3035</envirDesc><dataLang><languageCode value="slv" Sync="TRUE"></languageCode><countryCode value="SVN" Sync="TRUE"></countryCode></dataLang><idCitation><resTitle Sync="TRUE">ARSO.LIDAR_FISHNET_DMR1</resTitle><presForm><PresFormCd value="005" Sync="TRUE"></PresFormCd></presForm></idCitation><spatRpType><SpatRepTypCd value="001" Sync="TRUE"></SpatRepTypCd></spatRpType></dataIdInfo><mdLang><languageCode value="slv" Sync="TRUE"></languageCode><countryCode value="SVN" Sync="TRUE"></countryCode></mdLang><distInfo><distFormat><formatName Sync="TRUE">SDE Feature Class</formatName></distFormat></distInfo><mdHrLv><ScopeCd value="005" Sync="TRUE"></ScopeCd></mdHrLv><mdHrLvName Sync="TRUE">dataset</mdHrLvName><refSysInfo><RefSystem><refSysID><identCode code="102060" Sync="TRUE" value="102060"></identCode><idCodeSpace Sync="TRUE">ESRI</idCodeSpace><idVersion Sync="TRUE">10.1.0</idVersion></refSysID></RefSystem></refSysInfo><spatRepInfo><VectSpatRep><geometObjs Name="ARSO.LIDAR_FISHNET_DMR1"><geoObjTyp><GeoObjTypCd value="002" Sync="TRUE"></GeoObjTypCd></geoObjTyp><geoObjCnt Sync="TRUE">0</geoObjCnt></geometObjs><topLvl><TopoLevCd value="001" Sync="TRUE"></TopoLevCd></topLvl></VectSpatRep></spatRepInfo><spdoinfo><ptvctinf><esriterm Name="ARSO.LIDAR_FISHNET_DMR1"><efeatyp Sync="TRUE">Simple</efeatyp><efeageom code="4" Sync="TRUE"></efeageom><esritopo Sync="TRUE">FALSE</esritopo><efeacnt Sync="TRUE">0</efeacnt><spindex Sync="TRUE">TRUE</spindex><linrefer Sync="TRUE">FALSE</linrefer></esriterm></ptvctinf></spdoinfo><eainfo><detailed Name="ARSO.LIDAR_FISHNET_DMR1"><enttyp><enttypl Sync="TRUE">ARSO.LIDAR_FISHNET_DMR1</enttypl><enttypt Sync="TRUE">Feature Class</enttypt><enttypc Sync="TRUE">0</enttypc></enttyp><attr><attrlabl Sync="TRUE">OBJECTID</attrlabl><attalias Sync="TRUE">OBJECTID</attalias><attrtype Sync="TRUE">OID</attrtype><attwidth Sync="TRUE">4</attwidth><atprecis Sync="TRUE">10</atprecis><attscale Sync="TRUE">0</attscale><attrdef Sync="TRUE">Internal feature number.</attrdef><attrdefs Sync="TRUE">Esri</attrdefs><attrdomv><udom Sync="TRUE">Sequential unique whole numbers that are automatically generated.</udom></attrdomv></attr><attr><attrlabl Sync="TRUE">Shape</attrlabl><attalias Sync="TRUE">SHAPE</attalias><attrtype Sync="TRUE">Geometry</attrtype><attwidth Sync="TRUE">4</attwidth><atprecis Sync="TRUE">0</atprecis><attscale Sync="TRUE">0</attscale><attrdef Sync="TRUE">Feature geometry.</attrdef><attrdefs Sync="TRUE">Esri</attrdefs><attrdomv><udom Sync="TRUE">Coordinates defining the features.</udom></attrdomv></attr><attr><attrlabl Sync="TRUE">Raster</attrlabl><attalias Sync="TRUE">Raster</attalias><attrtype Sync="TRUE">Raster</attrtype><attwidth Sync="TRUE">4</attwidth><atprecis Sync="TRUE">0</atprecis><attscale Sync="TRUE">0</attscale></attr><attr><attrlabl Sync="TRUE">Name</attrlabl><attalias Sync="TRUE">Name</attalias><attrtype Sync="TRUE">String</attrtype><attwidth Sync="TRUE">50</attwidth><atprecis Sync="TRUE">0</atprecis><attscale Sync="TRUE">0</attscale></attr><attr><attrlabl Sync="TRUE">MinPS</attrlabl><attalias Sync="TRUE">MinPS</attalias><attrtype Sync="TRUE">Double</attrtype><attwidth Sync="TRUE">8</attwidth><atprecis Sync="TRUE">38</atprecis><attscale Sync="TRUE">8</attscale></attr><attr><attrlabl Sync="TRUE">MaxPS</attrlabl><attalias Sync="TRUE">MaxPS</attalias><attrtype Sync="TRUE">Double</attrtype><attwidth Sync="TRUE">8</attwidth><atprecis Sync="TRUE">38</atprecis><attscale Sync="TRUE">8</attscale></attr><attr><attrlabl Sync="TRUE">LowPS</attrlabl><attalias Sync="TRUE">LowPS</attalias><attrtype Sync="TRUE">Double</attrtype><attwidth Sync="TRUE">8</attwidth><atprecis Sync="TRUE">38</atprecis><attscale Sync="TRUE">8</attscale></attr><attr><attrlabl Sync="TRUE">HighPS</attrlabl><attalias Sync="TRUE">HighPS</attalias><attrtype Sync="TRUE">Double</attrtype><attwidth Sync="TRUE">8</attwidth><atprecis Sync="TRUE">38</atprecis><attscale Sync="TRUE">8</attscale></attr><attr><attrlabl Sync="TRUE">Category</attrlabl><attalias Sync="TRUE">Category</attalias><attrtype Sync="TRUE">Integer</attrtype><attwidth Sync="TRUE">4</attwidth><atprecis Sync="TRUE">10</atprecis><attscale Sync="TRUE">0</attscale></attr><attr><attrlabl Sync="TRUE">Tag</attrlabl><attalias Sync="TRUE">Tag</attalias><attrtype Sync="TRUE">String</attrtype><attwidth Sync="TRUE">20</attwidth><atprecis Sync="TRUE">0</atprecis><attscale Sync="TRUE">0</attscale></attr><attr><attrlabl Sync="TRUE">GroupName</attrlabl><attalias Sync="TRUE">GroupName</attalias><attrtype Sync="TRUE">String</attrtype><attwidth Sync="TRUE">50</attwidth><atprecis Sync="TRUE">0</atprecis><attscale Sync="TRUE">0</attscale></attr><attr><attrlabl Sync="TRUE">ProductName</attrlabl><attalias Sync="TRUE">ProductName</attalias><attrtype Sync="TRUE">String</attrtype><attwidth Sync="TRUE">50</attwidth><atprecis Sync="TRUE">0</atprecis><attscale Sync="TRUE">0</attscale></attr><attr><attrlabl Sync="TRUE">CenterX</attrlabl><attalias Sync="TRUE">CenterX</attalias><attrtype Sync="TRUE">Double</attrtype><attwidth Sync="TRUE">8</attwidth><atprecis Sync="TRUE">38</atprecis><attscale Sync="TRUE">8</attscale></attr><attr><attrlabl Sync="TRUE">CenterY</attrlabl><attalias Sync="TRUE">CenterY</attalias><attrtype Sync="TRUE">Double</attrtype><attwidth Sync="TRUE">8</attwidth><atprecis Sync="TRUE">38</atprecis><attscale Sync="TRUE">8</attscale></attr><attr><attrlabl Sync="TRUE">ZOrder</attrlabl><attalias Sync="TRUE">ZOrder</attalias><attrtype Sync="TRUE">Integer</attrtype><attwidth Sync="TRUE">4</attwidth><atprecis Sync="TRUE">10</atprecis><attscale Sync="TRUE">0</attscale></attr><attr><attrlabl Sync="TRUE">TypeID</attrlabl><attalias Sync="TRUE">Raster Type ID</attalias><attrtype Sync="TRUE">Integer</attrtype><attwidth Sync="TRUE">4</attwidth><atprecis Sync="TRUE">10</atprecis><attscale Sync="TRUE">0</attscale></attr><attr><attrlabl Sync="TRUE">ItemTS</attrlabl><attalias Sync="TRUE">ItemTS</attalias><attrtype Sync="TRUE">Double</attrtype><attwidth Sync="TRUE">8</attwidth><atprecis Sync="TRUE">38</atprecis><attscale Sync="TRUE">8</attscale></attr><attr><attrlabl Sync="TRUE">UriHash</attrlabl><attalias Sync="TRUE">UriHash</attalias><attrtype Sync="TRUE">String</attrtype><attwidth Sync="TRUE">50</attwidth><atprecis Sync="TRUE">0</atprecis><attscale Sync="TRUE">0</attscale></attr><attr><attrlabl Sync="TRUE">Version</attrlabl><attalias Sync="TRUE">Version</attalias><attrtype Sync="TRUE">String</attrtype><attwidth Sync="TRUE">20</attwidth><atprecis Sync="TRUE">0</atprecis><attscale Sync="TRUE">0</attscale></attr><attr><attrlabl Sync="TRUE">PointCount</attrlabl><attalias Sync="TRUE">Point Count</attalias><attrtype Sync="TRUE">Double</attrtype><attwidth Sync="TRUE">8</attwidth><atprecis Sync="TRUE">38</atprecis><attscale Sync="TRUE">8</attscale></attr><attr><attrlabl Sync="TRUE">PointSpacing</attrlabl><attalias Sync="TRUE">Point Spacing</attalias><attrtype Sync="TRUE">Double</attrtype><attwidth Sync="TRUE">8</attwidth><atprecis Sync="TRUE">38</atprecis><attscale Sync="TRUE">8</attscale></attr><attr><attrlabl Sync="TRUE">ZMin</attrlabl><attalias Sync="TRUE">ZMin</attalias><attrtype Sync="TRUE">Double</attrtype><attwidth Sync="TRUE">8</attwidth><atprecis Sync="TRUE">38</atprecis><attscale Sync="TRUE">8</attscale></attr><attr><attrlabl Sync="TRUE">DATUM_SNEM</attrlabl><attalias Sync="TRUE">DATUM_SNEM</attalias><attrtype Sync="TRUE">String</attrtype><attwidth Sync="TRUE">50</attwidth><atprecis Sync="TRUE">0</atprecis><attscale Sync="TRUE">0</attscale></attr><attr><attrlabl Sync="TRUE">ZMax</attrlabl><attalias Sync="TRUE">ZMax</attalias><attrtype Sync="TRUE">Double</attrtype><attwidth Sync="TRUE">8</attwidth><atprecis Sync="TRUE">38</atprecis><attscale Sync="TRUE">8</attscale></attr><attr><attrlabl Sync="TRUE">BLOK</attrlabl><attalias Sync="TRUE">BLOK</attalias><attrtype Sync="TRUE">String</attrtype><attwidth Sync="TRUE">50</attwidth><atprecis Sync="TRUE">0</atprecis><attscale Sync="TRUE">0</attscale></attr><attr><attrlabl Sync="TRUE">SHAPE.AREA</attrlabl><attalias Sync="TRUE">SHAPE.AREA</attalias><attrtype Sync="TRUE">Double</attrtype><attwidth Sync="TRUE">0</attwidth><atprecis Sync="TRUE">0</atprecis><attscale Sync="TRUE">0</attscale></attr><attr><attrlabl Sync="TRUE">SHAPE.LEN</attrlabl><attalias Sync="TRUE">SHAPE.LEN</attalias><attrtype Sync="TRUE">Double</attrtype><attwidth Sync="TRUE">0</attwidth><atprecis Sync="TRUE">0</atprecis><attscale Sync="TRUE">0</attscale></attr></detailed></eainfo><mdDateSt Sync="TRUE">20150318</mdDateSt></metadata>
